"Mag","Depth","Latitude","Longitude","CloserCity","Region","categoryMag","categoryDepth","cluster"
"4",3.9,5,0.58,-79.84," Muisne,Esmeraldas","Near Coast of Ecuador","3.0 - 3.9","< 60",1
"19",4.8,13.3,0.41,-79.92," Muisne,Esmeraldas","Near Coast of Ecuador","4.0 - 4.9","< 60",1
"21",3.5,4.5,0.46,-79.95," Muisne,Esmeraldas","Near Coast of Ecuador","3.0 - 3.9","< 60",1
"59",3.6,8.8,0.7,-79.73," Atacames,Esmeraldas","Near Coast of Ecuador","3.0 - 3.9","< 60",1
"63",3.7,10,0.82,-79.82," Atacames,Esmeraldas","Esmeraldas","3.0 - 3.9","< 60",1
"66",4.8,7,0.54,-80.04," Muisne,Esmeraldas","Near Coast of Ecuador","4.0 - 4.9","< 60",1
"67",4.6,2.8,0.4,-79.93," Muisne,Esmeraldas","Near Coast of Ecuador","4.0 - 4.9","< 60",1
"68",4.5,4.9,0.49,-79.98," Muisne,Esmeraldas","Near Coast of Ecuador","4.0 - 4.9","< 60",1
"69",4.3,5.4,0.51,-79.96," Muisne,Esmeraldas","Near Coast of Ecuador","4.0 - 4.9","< 60",1
"70",3.9,13.4,0.4,-79.87," Muisne,Esmeraldas","Near Coast of Ecuador","3.0 - 3.9","< 60",1
"71",3.8,8.8,0.46,-79.8," Muisne,Esmeraldas","Near Coast of Ecuador","3.0 - 3.9","< 60",1
"72",4.9,9.5,0.39,-79.88," Muisne,Esmeraldas","Near Coast of Ecuador","4.0 - 4.9","< 60",1
"73",3.9,9.5,0.33,-79.85," Pedernales,Manabi","Esmeraldas","3.0 - 3.9","< 60",1
"75",3.6,5.1,0.64,-80.04," Muisne,Esmeraldas","Esmeraldas","3.0 - 3.9","< 60",1
"76",3.5,14.2,0.45,-79.81," Muisne,Esmeraldas","Near Coast of Ecuador","3.0 - 3.9","< 60",1
"77",4.1,2.2,0.64,-80.09," Muisne,Esmeraldas","Near Coast of Ecuador","4.0 - 4.9","< 60",1
"78",4.8,5.4,0.64,-80.16," Muisne,Esmeraldas","Near Coast of Ecuador","4.0 - 4.9","< 60",1
"79",3.6,7.5,0.61,-80.11," Muisne,Esmeraldas","Near Coast of Ecuador","3.0 - 3.9","< 60",1
"81",3.7,10,0.63,-80.18," Muisne,Esmeraldas","Near Coast of Ecuador","3.0 - 3.9","< 60",1
"82",3.7,7.2,0.29,-80," Pedernales,Manabi","Manabi","3.0 - 3.9","< 60",1
"83",3.5,6.9,0.68,-80.16," Muisne,Esmeraldas","Near Coast of Ecuador","3.0 - 3.9","< 60",1
"84",5.2,13.3,0.44,-79.83," Muisne,Esmeraldas","Near Coast of Ecuador","5.0 - 5.9","< 60",1
"90",3.6,10.1,0.48,-79.94," Muisne,Esmeraldas","Near Coast of Ecuador","3.0 - 3.9","< 60",1
"92",3,5,0.71,-80.07," Muisne,Esmeraldas","Esmeraldas","1.0 - 3.0","< 60",1
"102",4.7,9.3,0.52,-79.9," Muisne,Esmeraldas","Near Coast of Ecuador","4.0 - 4.9","< 60",1
"115",3.2,5.2,0.95,-79.55," Esmeraldas,Esmeraldas","Near Coast of Ecuador","3.0 - 3.9","< 60",1
"122",4.4,10,0.63,-80.21," Muisne,Esmeraldas","Near Coast of Ecuador","4.0 - 4.9","< 60",1
"124",3.3,10,0.7,-79.32," Quininde,Esmeraldas","Esmeraldas","3.0 - 3.9","< 60",1
"126",3.5,18.1,0.58,-79.77," Muisne,Esmeraldas","Near Coast of Ecuador","3.0 - 3.9","< 60",1
"128",3.5,4.1,0.56,-80," Muisne,Esmeraldas","Esmeraldas","3.0 - 3.9","< 60",1
"138",4.1,10,0.99,-79.68," Esmeraldas,Esmeraldas","Near Coast of Ecuador","4.0 - 4.9","< 60",1
"140",3.9,1.4,0.93,-79.55," Esmeraldas,Esmeraldas","Near Coast of Ecuador","3.0 - 3.9","< 60",1
"144",3.5,8.3,0.91,-79.58," Esmeraldas,Esmeraldas","Near Coast of Ecuador","3.0 - 3.9","< 60",1
"145",3.8,3.3,0.93,-79.56," Esmeraldas,Esmeraldas","Near Coast of Ecuador","3.0 - 3.9","< 60",1
"148",3.8,1.7,0.96,-79.56," Esmeraldas,Esmeraldas","Near Coast of Ecuador","3.0 - 3.9","< 60",1
"150",3.6,1.5,1.36,-79.63," Esmeraldas,Esmeraldas","Near Coast of Ecuador","3.0 - 3.9","< 60",1
"156",3.6,4.6,0.95,-79.52," Esmeraldas,Esmeraldas","Near Coast of Ecuador","3.0 - 3.9","< 60",1
"157",3,20,0.97,-79.44," Esmeraldas,Esmeraldas","Near Coast of Ecuador","1.0 - 3.0","< 60",1
"158",3.5,10,0.92,-79.36," Esmeraldas,Esmeraldas","Near Coast of Ecuador","3.0 - 3.9","< 60",1
"160",3.9,10,0.96,-79.44," Esmeraldas,Esmeraldas","Near Coast of Ecuador","3.0 - 3.9","< 60",1
"161",4.3,10,0.96,-79.46," Esmeraldas,Esmeraldas","Near Coast of Ecuador","4.0 - 4.9","< 60",1
"162",3.3,5.9,0.89,-79.56," Esmeraldas,Esmeraldas","Near Coast of Ecuador","3.0 - 3.9","< 60",1
"163",4.6,12.5,0.21,-80.02," Pedernales,Manabi","Manabi","4.0 - 4.9","< 60",1
"164",3.6,2.6,1.01,-79.56," Esmeraldas,Esmeraldas","Near Coast of Ecuador","3.0 - 3.9","< 60",1
"165",4.3,2.3,0.94,-79.51," Esmeraldas,Esmeraldas","Near Coast of Ecuador","4.0 - 4.9","< 60",1
"166",3.2,4.2,0.88,-79.5," Esmeraldas,Esmeraldas","Near Coast of Ecuador","3.0 - 3.9","< 60",1
"167",3.3,1.3,0.94,-79.54," Esmeraldas,Esmeraldas","Near Coast of Ecuador","3.0 - 3.9","< 60",1
"168",4,6.3,0.95,-79.39," Esmeraldas,Esmeraldas","Near Coast of Ecuador","4.0 - 4.9","< 60",1
"169",4.1,3.8,0.92,-79.51," Esmeraldas,Esmeraldas","Near Coast of Ecuador","4.0 - 4.9","< 60",1
"170",3.3,4.6,0.94,-79.52," Esmeraldas,Esmeraldas","Near Coast of Ecuador","3.0 - 3.9","< 60",1
"171",3.4,4.7,0.96,-79.46," Esmeraldas,Esmeraldas","Near Coast of Ecuador","3.0 - 3.9","< 60",1
"172",3.4,2.6,0.96,-79.47," Esmeraldas,Esmeraldas","Near Coast of Ecuador","3.0 - 3.9","< 60",1
"173",3.6,4.3,0.94,-79.54," Esmeraldas,Esmeraldas","Near Coast of Ecuador","3.0 - 3.9","< 60",1
"174",3.1,5,0.95,-79.46," Esmeraldas,Esmeraldas","Near Coast of Ecuador","3.0 - 3.9","< 60",1
"175",4.8,4.4,0.96,-79.56," Esmeraldas,Esmeraldas","Near Coast of Ecuador","4.0 - 4.9","< 60",1
"179",4.1,10,0.95,-79.48," Esmeraldas,Esmeraldas","Near Coast of Ecuador","4.0 - 4.9","< 60",1
"186",3.5,12.9,0.19,-79.99," Pedernales,Manabi","Near Coast of Ecuador","3.0 - 3.9","< 60",1
"187",5.9,8.7,0.6,-79.88," Muisne,Esmeraldas","Near Coast of Ecuador","5.0 - 5.9","< 60",1
"188",3.3,6.1,0.62,-79.89," Muisne,Esmeraldas","Near Coast of Ecuador","3.0 - 3.9","< 60",1
"189",6.2,10.1,0.59,-79.77," Muisne,Esmeraldas","Near Coast of Ecuador","6.0 - 6.9","< 60",1
"190",3.2,18.9,0.6,-79.79," Muisne,Esmeraldas","Near Coast of Ecuador","3.0 - 3.9","< 60",1
"191",4.3,6.1,0.7,-79.7," Atacames,Esmeraldas","Near Coast of Ecuador","4.0 - 4.9","< 60",1
"192",4.4,2.4,0.95,-79.53," Esmeraldas,Esmeraldas","Near Coast of Ecuador","4.0 - 4.9","< 60",1
"193",4,5,0.97,-79.55," Esmeraldas,Esmeraldas","Near Coast of Ecuador","4.0 - 4.9","< 60",1
"194",3.7,2.2,0.97,-79.53," Esmeraldas,Esmeraldas","Near Coast of Ecuador","3.0 - 3.9","< 60",1
"195",3.4,5,0.92,-79.53," Esmeraldas,Esmeraldas","Near Coast of Ecuador","3.0 - 3.9","< 60",1
"196",3.5,10,0.95,-79.59," Esmeraldas,Esmeraldas","Near Coast of Ecuador","3.0 - 3.9","< 60",1
"197",3.3,5.3,0.92,-79.52," Esmeraldas,Esmeraldas","Near Coast of Ecuador","3.0 - 3.9","< 60",1
"199",3.8,5,0.94,-79.55," Esmeraldas,Esmeraldas","Near Coast of Ecuador","3.0 - 3.9","< 60",1
"204",4.3,7.9,0.62,-80.16," Muisne,Esmeraldas","Near Coast of Ecuador","4.0 - 4.9","< 60",1
"218",3.1,10.3,0.46,-80.14," Muisne,Esmeraldas","Near Coast of Ecuador","3.0 - 3.9","< 60",1
"220",3.2,6,0.64,-80.18," Muisne,Esmeraldas","Near Coast of Ecuador","3.0 - 3.9","< 60",1
"225",3.5,6.3,0.92,-79.95," Atacames,Esmeraldas","Near Coast of Ecuador","3.0 - 3.9","< 60",1
"227",3.1,16.3,0.19,-80.12," Pedernales,Manabi","Near Coast of Ecuador","3.0 - 3.9","< 60",1
"230",3.6,9.4,0.62,-79.88," Muisne,Esmeraldas","Near Coast of Ecuador","3.0 - 3.9","< 60",1
"235",3.5,10,0.86,-79.51," Esmeraldas,Esmeraldas","Near Coast of Ecuador","3.0 - 3.9","< 60",1
"236",3.5,10,0.93,-79.35," Esmeraldas,Esmeraldas","Near Coast of Ecuador","3.0 - 3.9","< 60",1
"237",4.5,10,0.95,-79.46," Esmeraldas,Esmeraldas","Near Coast of Ecuador","4.0 - 4.9","< 60",1
"241",3.8,10,0.96,-79.49," Esmeraldas,Esmeraldas","Near Coast of Ecuador","3.0 - 3.9","< 60",1
"242",3.4,10,0.91,-79.43," Esmeraldas,Esmeraldas","Near Coast of Ecuador","3.0 - 3.9","< 60",1
"272",3.5,10,0.92,-79.47," Esmeraldas,Esmeraldas","Near Coast of Ecuador","3.0 - 3.9","< 60",1
"274",3.5,5,1.07,-79.59," Esmeraldas,Esmeraldas","Near Coast of Ecuador","3.0 - 3.9","< 60",1
"276",3.7,7.9,0.77,-79.79," Atacames,Esmeraldas","Near Coast of Ecuador","3.0 - 3.9","< 60",1
"277",4.2,4.4,0.23,-80.01," Pedernales,Manabi","Manabi","4.0 - 4.9","< 60",1
"278",3.5,10,0.94,-79.56," Esmeraldas,Esmeraldas","Near Coast of Ecuador","3.0 - 3.9","< 60",1
"280",6.7,17.2,0.43,-80.01," Muisne,Esmeraldas","Near Coast of Ecuador","6.0 - 6.9","< 60",1
"281",6.9,20.8,0.47,-79.82," Muisne,Esmeraldas","Near Coast of Ecuador","6.0 - 6.9","< 60",1
"285",3.8,3.6,0.92,-79.58," Esmeraldas,Esmeraldas","Near Coast of Ecuador","3.0 - 3.9","< 60",1
"286",3.9,10,0.88,-79.64," Esmeraldas,Esmeraldas","Near Coast of Ecuador","3.0 - 3.9","< 60",1
"289",3.4,3.5,0.96,-79.5," Esmeraldas,Esmeraldas","Near Coast of Ecuador","3.0 - 3.9","< 60",1
"291",3,3.7,0.98,-79.5," Esmeraldas,Esmeraldas","Near Coast of Ecuador","1.0 - 3.0","< 60",1
"316",4.8,23.2,0.75,-79.25," Esmeraldas,Esmeraldas","Esmeraldas","4.0 - 4.9","< 60",1
"323",3.6,9,0.62,-80.11," Muisne,Esmeraldas","Near Coast of Ecuador","3.0 - 3.9","< 60",1
"326",3,8.2,0.62,-80.24," Muisne,Esmeraldas","Near Coast of Ecuador","1.0 - 3.0","< 60",1
"329",4.9,7.6,0.61,-80.2," Muisne,Esmeraldas","Near Coast of Ecuador","4.0 - 4.9","< 60",1
"337",2.6,11.7,0.85,-79.89," Atacames,Esmeraldas","Esmeraldas","1.0 - 3.0","< 60",1
"343",3,16.3,1.05,-79.69," Esmeraldas,Esmeraldas","Near Coast of Ecuador","1.0 - 3.0","< 60",1
"355",3.6,10,0.62,-80.02," Muisne,Esmeraldas","Esmeraldas","3.0 - 3.9","< 60",1
"369",3.4,12.2,1.03,-79.86," Atacames,Esmeraldas","Near Coast of Ecuador","3.0 - 3.9","< 60",1
"387",3.7,77.9,0.41,-78.95," Quininde,Esmeraldas","Esmeraldas","3.0 - 3.9","60 - 300",1
"395",3.2,1.6,1.15,-79.65," Esmeraldas,Esmeraldas","Near Coast of Ecuador","3.0 - 3.9","< 60",1
"397",3.3,1,0.99,-79.53," Esmeraldas,Esmeraldas","Near Coast of Ecuador","3.0 - 3.9","< 60",1
"403",3.2,4.2,1.07,-79.93," Atacames,Esmeraldas","Near Coast of Ecuador","3.0 - 3.9","< 60",1
"405",3.1,2,0.87,-79.83," Atacames,Esmeraldas","Esmeraldas","3.0 - 3.9","< 60",1
"411",3.5,6.2,1.05,-79.95," Atacames,Esmeraldas","Near Coast of Ecuador","3.0 - 3.9","< 60",1
"412",3.7,6.8,0.92,-79.84," Atacames,Esmeraldas","Near Coast of Ecuador","3.0 - 3.9","< 60",1
"413",3.8,5.7,0.95,-79.84," Atacames,Esmeraldas","Near Coast of Ecuador","3.0 - 3.9","< 60",1
"414",3.5,4.9,1,-79.92," Atacames,Esmeraldas","Near Coast of Ecuador","3.0 - 3.9","< 60",1
"417",3.8,5,1.07,-79.98," Atacames,Esmeraldas","Near Coast of Ecuador","3.0 - 3.9","< 60",1
"418",4.9,4.1,0.96,-79.82," Atacames,Esmeraldas","Near Coast of Ecuador","4.0 - 4.9","< 60",1
"419",4.2,7.7,1.03,-79.95," Atacames,Esmeraldas","Near Coast of Ecuador","4.0 - 4.9","< 60",1
"420",3.6,2.4,0.99,-79.8," Atacames,Esmeraldas","Near Coast of Ecuador","3.0 - 3.9","< 60",1
"422",4.3,4.8,1.1,-79.99," Atacames,Esmeraldas","Near Coast of Ecuador","4.0 - 4.9","< 60",1
"423",3,9.2,1.01,-79.88," Atacames,Esmeraldas","Near Coast of Ecuador","1.0 - 3.0","< 60",1
"424",3.4,5.4,1.08,-79.76," Esmeraldas,Esmeraldas","Near Coast of Ecuador","3.0 - 3.9","< 60",1
"428",3.6,3.1,0.76,-79.74," Atacames,Esmeraldas","Near Coast of Ecuador","3.0 - 3.9","< 60",1
"429",3.9,8.5,1.03,-79.84," Atacames,Esmeraldas","Near Coast of Ecuador","3.0 - 3.9","< 60",1
"430",4.2,1.9,1.1,-79.86," Atacames,Esmeraldas","Near Coast of Ecuador","4.0 - 4.9","< 60",1
"431",3.9,10,0.98,-79.8," Atacames,Esmeraldas","Near Coast of Ecuador","3.0 - 3.9","< 60",1
"432",3.9,5,1.03,-79.85," Atacames,Esmeraldas","Near Coast of Ecuador","3.0 - 3.9","< 60",1
"433",3.9,4.1,1.05,-79.88," Atacames,Esmeraldas","Near Coast of Ecuador","3.0 - 3.9","< 60",1
"434",4.2,3.5,1.06,-79.86," Atacames,Esmeraldas","Near Coast of Ecuador","4.0 - 4.9","< 60",1
"436",3.4,14.7,0.98,-79.86," Atacames,Esmeraldas","Near Coast of Ecuador","3.0 - 3.9","< 60",1
"437",4,2.7,1.08,-79.85," Atacames,Esmeraldas","Near Coast of Ecuador","4.0 - 4.9","< 60",1
"438",4.3,5,1.04,-79.85," Atacames,Esmeraldas","Near Coast of Ecuador","4.0 - 4.9","< 60",1
"442",4.5,1.5,0.97,-79.77," Esmeraldas,Esmeraldas","Near Coast of Ecuador","4.0 - 4.9","< 60",1
"443",3.9,7.3,0.98,-79.95," Atacames,Esmeraldas","Near Coast of Ecuador","3.0 - 3.9","< 60",1
"444",3.8,7.8,1.08,-79.95," Atacames,Esmeraldas","Near Coast of Ecuador","3.0 - 3.9","< 60",1
"445",3.6,8.6,0.95,-79.87," Atacames,Esmeraldas","Near Coast of Ecuador","3.0 - 3.9","< 60",1
"446",4.2,3.1,1.06,-79.89," Atacames,Esmeraldas","Near Coast of Ecuador","4.0 - 4.9","< 60",1
"447",4,2.8,1.07,-79.92," Atacames,Esmeraldas","Near Coast of Ecuador","4.0 - 4.9","< 60",1
"448",4.4,5.1,1.07,-79.94," Atacames,Esmeraldas","Near Coast of Ecuador","4.0 - 4.9","< 60",1
"449",3.3,7.2,1.04,-79.86," Atacames,Esmeraldas","Near Coast of Ecuador","3.0 - 3.9","< 60",1
"450",3.6,2.8,1.07,-79.85," Atacames,Esmeraldas","Near Coast of Ecuador","3.0 - 3.9","< 60",1
"451",4.8,12.4,0.94,-79.65," Esmeraldas,Esmeraldas","Esmeraldas","4.0 - 4.9","< 60",1
"452",5.1,5.3,1,-79.95," Atacames,Esmeraldas","Near Coast of Ecuador","5.0 - 5.9","< 60",1
"457",3.4,7.8,1.08,-79.92," Atacames,Esmeraldas","Near Coast of Ecuador","3.0 - 3.9","< 60",1
"458",3.6,6.1,1.14,-79.98," Atacames,Esmeraldas","Near Coast of Ecuador","3.0 - 3.9","< 60",1
"462",3.5,11.2,0.93,-79.74," Esmeraldas,Esmeraldas","Esmeraldas","3.0 - 3.9","< 60",1
"463",4.2,4.5,1.02,-79.88," Atacames,Esmeraldas","Near Coast of Ecuador","4.0 - 4.9","< 60",1
"470",3.5,7.3,0.99,-79.82," Atacames,Esmeraldas","Near Coast of Ecuador","3.0 - 3.9","< 60",1
"472",3.2,6.3,1.07,-79.98," Atacames,Esmeraldas","Near Coast of Ecuador","3.0 - 3.9","< 60",1
"475",3.2,9.2,0.88,-79.7," Esmeraldas,Esmeraldas","Near Coast of Ecuador","3.0 - 3.9","< 60",1
"476",2.9,12,0.82,-79.82," Atacames,Esmeraldas","Esmeraldas","1.0 - 3.0","< 60",1
"481",3.2,5.7,0.86,-79.68," Esmeraldas,Esmeraldas","Near Coast of Ecuador","3.0 - 3.9","< 60",1
"482",5.8,6.4,0.93,-79.84," Atacames,Esmeraldas","Near Coast of Ecuador","5.0 - 5.9","< 60",1
"484",3.3,9,0.98,-79.7," Esmeraldas,Esmeraldas","Near Coast of Ecuador","3.0 - 3.9","< 60",1
"485",3.3,9.7,0.95,-79.9," Atacames,Esmeraldas","Near Coast of Ecuador","3.0 - 3.9","< 60",1
"488",3.6,0.4,0.68,-79.74," Atacames,Esmeraldas","Near Coast of Ecuador","3.0 - 3.9","< 60",1
"489",5.2,2.9,0.65,-80.09," Muisne,Esmeraldas","Near Coast of Ecuador","5.0 - 5.9","< 60",1
"492",2.8,10.4,1,-79.99," Atacames,Esmeraldas","Near Coast of Ecuador","1.0 - 3.0","< 60",1
"503",3.7,4,1,-79.26," Esmeraldas,Esmeraldas","Esmeraldas","3.0 - 3.9","< 60",1
"506",5.7,9.1,0.74,-79.77," Atacames,Esmeraldas","Near Coast of Ecuador","5.0 - 5.9","< 60",1
"522",4.7,18.6,0.48,-79.92," Muisne,Esmeraldas","Near Coast of Ecuador","4.0 - 4.9","< 60",1
"523",5,11.2,0.43,-79.91," Muisne,Esmeraldas","Near Coast of Ecuador","5.0 - 5.9","< 60",1
"527",5.1,5,0.96,-79.85," Atacames,Esmeraldas","Near Coast of Ecuador","5.0 - 5.9","< 60",1
"528",5.1,4.7,0.96,-79.82," Atacames,Esmeraldas","Near Coast of Ecuador","5.0 - 5.9","< 60",1
"543",3.6,3,0.6,-80.07," Muisne,Esmeraldas","Near Coast of Ecuador","3.0 - 3.9","< 60",1
"552",3.6,9.2,0.87,-79.76," Atacames,Esmeraldas","Esmeraldas","3.0 - 3.9","< 60",1
"558",3.6,10.8,0.73,-79.63," Esmeraldas,Esmeraldas","Near Coast of Ecuador","3.0 - 3.9","< 60",1
"560",3.9,6.7,0.65,-80.05," Muisne,Esmeraldas","Esmeraldas","3.0 - 3.9","< 60",1
"562",4,8.7,0.63,-80.15," Muisne,Esmeraldas","Near Coast of Ecuador","4.0 - 4.9","< 60",1
"576",3.1,12.2,0.9,-79.53," Esmeraldas,Esmeraldas","Near Coast of Ecuador","3.0 - 3.9","< 60",1
"577",3.8,5.2,0.18,-80.09," Pedernales,Manabi","Near Coast of Ecuador","3.0 - 3.9","< 60",1
"582",3.2,10,0.95,-79.53," Esmeraldas,Esmeraldas","Near Coast of Ecuador","3.0 - 3.9","< 60",1
"588",3.2,10,1.02,-79.51," Esmeraldas,Esmeraldas","Esmeraldas","3.0 - 3.9","< 60",1
"599",3.8,9.5,1.36,-79.61," Esmeraldas,Esmeraldas","Near Coast of Ecuador","3.0 - 3.9","< 60",1
"604",4.1,5.1,0.95,-79.49," Esmeraldas,Esmeraldas","Near Coast of Ecuador","4.0 - 4.9","< 60",1
"605",3.8,4.3,0.92,-79.47," Esmeraldas,Esmeraldas","Near Coast of Ecuador","3.0 - 3.9","< 60",1
"606",3.5,10,0.78,-78.97," San Lorenzo,Esmeraldas","Esmeraldas","3.0 - 3.9","< 60",1
"608",3.4,3.9,0.88,-79.72," Esmeraldas,Esmeraldas","Esmeraldas","3.0 - 3.9","< 60",1
"616",3.4,1.9,0.92,-79.44," Esmeraldas,Esmeraldas","Near Coast of Ecuador","3.0 - 3.9","< 60",1
"625",3.7,3.1,1.38,-79.27," San Lorenzo,Esmeraldas","Near Coast of Ecuador","3.0 - 3.9","< 60",1
"628",3.7,10,0.62,-80.25," Muisne,Esmeraldas","Near Coast of Ecuador","3.0 - 3.9","< 60",1
"631",3.5,6.8,0.55,-79.95," Muisne,Esmeraldas","Near Coast of Ecuador","3.0 - 3.9","< 60",1
"633",4.1,31.1,0.57,-79.21," Quininde,Esmeraldas","Esmeraldas","4.0 - 4.9","< 60",1
"636",4.2,8.1,0.25,-80.01," Pedernales,Manabi","Manabi","4.0 - 4.9","< 60",1
"637",3.7,14.4,0.88,-79.77," Atacames,Esmeraldas","Esmeraldas","3.0 - 3.9","< 60",1
"658",3.5,28.3,1.18,-78.84," San Lorenzo,Esmeraldas","Esmeraldas","3.0 - 3.9","< 60",1
"659",3.9,5.8,0.61,-80.09," Muisne,Esmeraldas","Near Coast of Ecuador","3.0 - 3.9","< 60",1
"662",3.6,5.8,0.61,-80.07," Muisne,Esmeraldas","Near Coast of Ecuador","3.0 - 3.9","< 60",1
"672",3.9,5.8,0.63,-80.06," Muisne,Esmeraldas","Near Coast of Ecuador","3.0 - 3.9","< 60",1
"674",4,5.7,0.93,-79.7," Esmeraldas,Esmeraldas","Esmeraldas","4.0 - 4.9","< 60",1
"675",3.6,2.4,0.67,-80.12," Muisne,Esmeraldas","Near Coast of Ecuador","3.0 - 3.9","< 60",1
"718",3.3,4.2,1.26,-79.7," Esmeraldas,Esmeraldas","Near Coast of Ecuador","3.0 - 3.9","< 60",1
"723",3.1,6.1,1.06,-79.94," Atacames,Esmeraldas","Near Coast of Ecuador","3.0 - 3.9","< 60",1
"725",4.1,74.6,1.34,-78.74," San Lorenzo,Esmeraldas","Esmeraldas","4.0 - 4.9","60 - 300",1
"727",2.9,26.8,1.02,-79.51," Esmeraldas,Esmeraldas","Near Coast of Ecuador","1.0 - 3.0","< 60",1
"728",5.5,8,0.76,-79.75," Atacames,Esmeraldas","Esmeraldas","5.0 - 5.9","< 60",1
"729",3.9,29.4,1.25,-79.65," Esmeraldas,Esmeraldas","Near Coast of Ecuador","3.0 - 3.9","< 60",1
"734",4.3,4.5,0.58,-80.17," Muisne,Esmeraldas","Near Coast of Ecuador","4.0 - 4.9","< 60",1
"735",3.7,9.2,0.59,-80.27," Muisne,Esmeraldas","Near Coast of Ecuador","3.0 - 3.9","< 60",1
"736",3.6,11.4,0.61,-80.2," Muisne,Esmeraldas","Near Coast of Ecuador","3.0 - 3.9","< 60",1
"740",3,12.1,1.03,-79.95," Atacames,Esmeraldas","Near Coast of Ecuador","1.0 - 3.0","< 60",1
"742",3.5,8,0.6,-80.11," Muisne,Esmeraldas","Near Coast of Ecuador","3.0 - 3.9","< 60",1
"743",3.2,10,1.16,-79.5," Esmeraldas,Esmeraldas","Near Coast of Ecuador","3.0 - 3.9","< 60",1
"749",3.7,10,1.24,-79.34," Esmeraldas,Esmeraldas","Near Coast of Ecuador","3.0 - 3.9","< 60",1
"753",4.5,15.6,1.06,-79.68," Esmeraldas,Esmeraldas","Near Coast of Ecuador","4.0 - 4.9","< 60",1
"756",3.6,7.4,1.24,-79.81," Esmeraldas,Esmeraldas","Near Coast of Ecuador","3.0 - 3.9","< 60",1
"779",3.6,9.9,0.32,-79.95," Pedernales,Manabi","Esmeraldas","3.0 - 3.9","< 60",1
"808",5,6.9,1.15,-79.68," Esmeraldas,Esmeraldas","Near Coast of Ecuador","5.0 - 5.9","< 60",1
"822",4.5,7.5,0.62,-80.08," Muisne,Esmeraldas","Near Coast of Ecuador","4.0 - 4.9","< 60",1
"824",4.5,7.2,0.6,-80.13," Muisne,Esmeraldas","Near Coast of Ecuador","4.0 - 4.9","< 60",1
"830",3.3,5.9,0.62,-79.96," Muisne,Esmeraldas","Esmeraldas","3.0 - 3.9","< 60",1
"845",3.9,6.2,0.72,-80.1,"Muisne,Esmeraldas","Near Coast of Ecuador","3.0 - 3.9","< 60",1
"875",4.1,0.7,1.28,-79.99,"Atacames,Esmeraldas","Near Coast of Ecuador","4.0 - 4.9","< 60",1
"901",3.9,17.5,0.78,-79.78,"Atacames,Esmeraldas","Esmeraldas","3.0 - 3.9","< 60",1
"902",3.9,9.9,1.18,-79.75,"Esmeraldas,Esmeraldas","Near Coast of Ecuador","3.0 - 3.9","< 60",1
"912",3.7,7.4,0.77,-79.68,"Atacames,Esmeraldas","Esmeraldas","3.0 - 3.9","< 60",1
"933",3.7,47.3,0.74,-79.28,"Esmeraldas,Esmeraldas","Esmeraldas","3.0 - 3.9","< 60",1
"987",3.7,6.6,0.4,-79.88,"Muisne,Esmeraldas","Esmeraldas","3.0 - 3.9","< 60",1
"1012",4,3.3,0.58,-78.67,"Cotacachi,Imbabura","Esmeraldas","4.0 - 4.9","< 60",1
"1013",5.4,3.4,0.6,-78.69,"Cotacachi,Imbabura","Esmeraldas","5.0 - 5.9","< 60",1
"1016",3.5,6.9,0.57,-80.07,"Muisne,Esmeraldas","Near Coast of Ecuador","3.0 - 3.9","< 60",1
"1026",3.7,5.7,0.37,-79.9,"Muisne,Esmeraldas","Esmeraldas","3.0 - 3.9","< 60",1
"1093",3.60388613,6.70734119,0.61,-80.26,"nas","Esmeraldas","3.0 - 3.9","< 60",1
"1112",4.44176992,5,1.5,-80.34,"nas","Near Coast of Ecuador","4.0 - 4.9","< 60",1
"1114",3.71092678,0.37837979,0.56,-80.07,"nas","Near Coast of Ecuador","3.0 - 3.9","< 60",1
"1152",3.68181421,81.95046997,0.53,-80.08,"nas","Near Coast of Ecuador","3.0 - 3.9","60 - 300",1
"1159",3.58350247,10.19757748,0.52,-80.14,"nas","Near Coast of Ecuador","3.0 - 3.9","< 60",1
"1163",3.77294261,3.83179736,0.65,-79.93,"nas","Esmeraldas","3.0 - 3.9","< 60",1
"1164",4.43355922,3.02279782,0.63,-80.14,"nas","Esmeraldas","4.0 - 4.9","< 60",1
"1190",3.96307734,10,0.72,-80.07,"nas","Near Coast of Ecuador","4.0 - 4.9","< 60",1
"1191",3.70932543,1.20603359,0.62,-80.26,"nas","Esmeraldas","3.0 - 3.9","< 60",1
"1192",3.86637609,8.87561703,0.59,-80.08,"nas","Esmeraldas","3.0 - 3.9","< 60",1
"1206",4.22994652,3.73651099,0.65,-79.91,"nas","Esmeraldas","4.0 - 4.9","< 60",1
"1207",4.40797731,2.82110405,0.7,-80.05,"nas","Near Coast of Ecuador","4.0 - 4.9","< 60",1
"1208",4.01453859,7.62729025,0.67,-80.13,"nas","Near Coast of Ecuador","4.0 - 4.9","< 60",1
"1211",4.04764789,5.13772821,0.63,-80.08,"nas","Esmeraldas","4.0 - 4.9","< 60",1
"1212",4.02627592,3.4020226,0.88,-80.13,"nas","Near Coast of Ecuador","4.0 - 4.9","< 60",1
"1219",4.82055203,10,0.7,-80.14,"nas","Near Coast of Ecuador","4.0 - 4.9","< 60",1
"1242",4.75896385,10,0.64,-79.77,"nas","Esmeraldas","4.0 - 4.9","< 60",1
"1244",4.30376757,5.22247982,0.55,-80.04,"nas","Esmeraldas","4.0 - 4.9","< 60",1
"1245",4.46563419,4.79098177,0.6,-79.94,"nas","Esmeraldas","4.0 - 4.9","< 60",1
"1246",4.43050365,7.16021967,0.51,-79.95,"nas","Esmeraldas","4.0 - 4.9","< 60",1
"1247",4.70935278,12.21029568,0.65,-79.96,"nas","Near Coast of Ecuador","4.0 - 4.9","< 60",1
"1249",3.53297143,11.42803764,0.68,-80.14,"nas","Near Coast of Ecuador","3.0 - 3.9","< 60",1
"1251",4.21636204,8.34227753,0.72,-80.16,"nas","Near Coast of Ecuador","4.0 - 4.9","< 60",1
"1255",3.8862522,1.50701988,0.62,-80.22,"nas","Esmeraldas","3.0 - 3.9","< 60",1
"1256",3.842759,3.5,0.88,-80.05,"nas","Near Coast of Ecuador","3.0 - 3.9","< 60",1
"1265",4.00648323,3,0.4,-80.11,"nas","Near Coast of Ecuador","4.0 - 4.9","< 60",1
"1272",3.93055251,12.35495758,0.72,-80.1,"nas","Near Coast of Ecuador","4.0 - 4.9","< 60",1
"1285",4.49184222,7.98966026,0.46,-80.12,"nas","Near Coast of Ecuador","4.0 - 4.9","< 60",1
"1361",3.62322058,6.76248932,0.54,-80.05,"nas","Esmeraldas","3.0 - 3.9","< 60",1
"1362",4.22716635,5.34292221,0.6,-80,"nas","Near Coast of Ecuador","4.0 - 4.9","< 60",1
"7",3.7,7.3,-0.12,-80.37," Jama,Manabi","Near Coast of Ecuador","3.0 - 3.9","< 60",2
"8",3.6,10,-0.21,-80.55," Jama,Manabi","Near Coast of Ecuador","3.0 - 3.9","< 60",2
"9",3.7,10,-0.07,-80.74," Jama,Manabi","Near Coast of Ecuador","3.0 - 3.9","< 60",2
"10",4.2,2.7,-0.1,-80.73," Jama,Manabi","Near Coast of Ecuador","4.0 - 4.9","< 60",2
"11",3.8,3.2,-0.09,-80.71," Jama,Manabi","Near Coast of Ecuador","3.0 - 3.9","< 60",2
"12",4.1,10,-0.13,-80.79," Jama,Manabi","Near Coast of Ecuador","4.0 - 4.9","< 60",2
"13",3.1,12,-0.19,-80.36," Jama,Manabi","Near Coast of Ecuador","3.0 - 3.9","< 60",2
"26",3.2,9.2,-0.04,-80.52," Jama,Manabi","Near Coast of Ecuador","3.0 - 3.9","< 60",2
"30",3.9,7.7,-0.25,-80.51," Jama,Manabi","Near Coast of Ecuador","3.0 - 3.9","< 60",2
"46",3.8,2.8,0.69,-80.57," Muisne,Esmeraldas","Near Coast of Ecuador","3.0 - 3.9","< 60",2
"50",3.7,10,-0.18,-80.96," Bahia de Caraquez,Manabi","Near Coast of Ecuador","3.0 - 3.9","< 60",2
"53",3.6,11.1,0.87,-80.25," Muisne,Esmeraldas","Near Coast of Ecuador","3.0 - 3.9","< 60",2
"55",5,4.7,0.66,-80.69," Muisne,Esmeraldas","Near Coast of Ecuador","5.0 - 5.9","< 60",2
"56",4,10,0.77,-80.2," Muisne,Esmeraldas","Near Coast of Ecuador","4.0 - 4.9","< 60",2
"61",3.4,8.7,-0.03,-80.29," Jama,Manabi","Near Coast of Ecuador","3.0 - 3.9","< 60",2
"64",4,10,-0.06,-80.53," Jama,Manabi","Near Coast of Ecuador","4.0 - 4.9","< 60",2
"65",3.5,5.7,-0.29,-80.49," Jama,Manabi","Near Coast of Ecuador","3.0 - 3.9","< 60",2
"74",3.6,10,0.23,-80.35," Pedernales,Manabi","Near Coast of Ecuador","3.0 - 3.9","< 60",2
"80",3.9,3.7,0.63,-80.5," Muisne,Esmeraldas","Near Coast of Ecuador","3.0 - 3.9","< 60",2
"86",3.4,1.7,-0.21,-80.69," Jama,Manabi","Near Coast of Ecuador","3.0 - 3.9","< 60",2
"87",3.6,4.7,-0.12,-80.8," Jama,Manabi","Near Coast of Ecuador","3.0 - 3.9","< 60",2
"95",3.4,7.3,-0.23,-80.77," Jama,Manabi","Near Coast of Ecuador","3.0 - 3.9","< 60",2
"97",3.2,9.7,0.91,-80.46," Muisne,Esmeraldas","Near Coast of Ecuador","3.0 - 3.9","< 60",2
"98",3.7,9.5,0.3,-80.32," Pedernales,Manabi","Near Coast of Ecuador","3.0 - 3.9","< 60",2
"99",3.6,4.3,0.96,-80.43," Muisne,Esmeraldas","Near Coast of Ecuador","3.0 - 3.9","< 60",2
"105",3.6,10,0.36,-80.88," Jama,Manabi","Near Coast of Ecuador","3.0 - 3.9","< 60",2
"106",4.3,10,0.35,-80.78," Jama,Manabi","Near Coast of Ecuador","4.0 - 4.9","< 60",2
"107",3.6,16.6,-0.35,-79.66," El Carmen,Manabi","Manabi","3.0 - 3.9","< 60",2
"109",3.4,7.3,0.21,-80.21," Pedernales,Manabi","Near Coast of Ecuador","3.0 - 3.9","< 60",2
"112",3.5,10,0.53,-80.79," Muisne,Esmeraldas","Near Coast of Ecuador","3.0 - 3.9","< 60",2
"113",4.2,4,0.39,-80.4," Muisne,Esmeraldas","Near Coast of Ecuador","4.0 - 4.9","< 60",2
"116",3.4,10,0.32,-80.65," Pedernales,Manabi","Near Coast of Ecuador","3.0 - 3.9","< 60",2
"117",3.5,5.3,0.3,-80.09," Pedernales,Manabi","Near Coast of Ecuador","3.0 - 3.9","< 60",2
"125",3.8,7.9,-0.17,-80.48," Jama,Manabi","Near Coast of Ecuador","3.0 - 3.9","< 60",2
"127",3.3,10,-0.19,-80.61," Jama,Manabi","Near Coast of Ecuador","3.0 - 3.9","< 60",2
"129",3.5,10,0.32,-80.63," Pedernales,Manabi","Near Coast of Ecuador","3.0 - 3.9","< 60",2
"133",3.5,3.9,-0.14,-80.45," Jama,Manabi","Near Coast of Ecuador","3.0 - 3.9","< 60",2
"135",3.5,10,0.37,-80.84," Jama,Manabi","Near Coast of Ecuador","3.0 - 3.9","< 60",2
"136",4.2,10,0.33,-80.77," Jama,Manabi","Near Coast of Ecuador","4.0 - 4.9","< 60",2
"137",3.9,18.6,0.27,-80.77," Jama,Manabi","Near Coast of Ecuador","3.0 - 3.9","< 60",2
"139",3.6,9.5,-0.16,-80.67," Jama,Manabi","Near Coast of Ecuador","3.0 - 3.9","< 60",2
"141",3.2,2.2,-0.16,-80.69," Jama,Manabi","Near Coast of Ecuador","3.0 - 3.9","< 60",2
"142",3.2,5,-0.23,-80.65," Jama,Manabi","Near Coast of Ecuador","3.0 - 3.9","< 60",2
"151",3.8,2.1,-0.27,-80.55," Jama,Manabi","Near Coast of Ecuador","3.0 - 3.9","< 60",2
"153",3.5,5,-0.53,-80.78," Bahia de Caraquez,Manabi","Near Coast of Ecuador","3.0 - 3.9","< 60",2
"201",4.2,10,-0.65,-80.95," Manta,Manabi","Near Coast of Ecuador","4.0 - 4.9","< 60",2
"203",3.4,5.2,-0.11,-80.96," Jama,Manabi","Near Coast of Ecuador","3.0 - 3.9","< 60",2
"209",3.2,10.3,-0.11,-80.32," Jama,Manabi","Near Coast of Ecuador","3.0 - 3.9","< 60",2
"210",3.2,9.4,0.75,-80.26," Muisne,Esmeraldas","Near Coast of Ecuador","3.0 - 3.9","< 60",2
"211",4.5,5.1,-0.17,-80.98," Bahia de Caraquez,Manabi","Near Coast of Ecuador","4.0 - 4.9","< 60",2
"212",4.6,3.7,-0.18,-80.98," Bahia de Caraquez,Manabi","Near Coast of Ecuador","4.0 - 4.9","< 60",2
"213",3.3,5,-0.12,-80.73," Jama,Manabi","Near Coast of Ecuador","3.0 - 3.9","< 60",2
"215",3.5,12.7,-0.09,-80.33," Jama,Manabi","Near Coast of Ecuador","3.0 - 3.9","< 60",2
"216",3.6,7.9,-0.09,-80.26," Jama,Manabi","Near Coast of Ecuador","3.0 - 3.9","< 60",2
"217",3.6,2.1,-0.1,-80.95," Jama,Manabi","Near Coast of Ecuador","3.0 - 3.9","< 60",2
"219",3,19.8,-0.3,-80.03," Flavio Alfaro,Manabi","Manabi","1.0 - 3.0","< 60",2
"221",3.7,2.9,-0.18,-80.81," Jama,Manabi","Near Coast of Ecuador","3.0 - 3.9","< 60",2
"226",3.7,7.3,-0.03,-80.21," Jama,Manabi","Near Coast of Ecuador","3.0 - 3.9","< 60",2
"229",4.5,10.1,0.34,-80.25," Pedernales,Manabi","Near Coast of Ecuador","4.0 - 4.9","< 60",2
"232",3.7,2.3,0.38,-80.43," Muisne,Esmeraldas","Near Coast of Ecuador","3.0 - 3.9","< 60",2
"243",3.1,9.2,-0.04,-80.29," Jama,Manabi","Near Coast of Ecuador","3.0 - 3.9","< 60",2
"244",3.5,8.4,0.76,-80.45," Muisne,Esmeraldas","Near Coast of Ecuador","3.0 - 3.9","< 60",2
"245",3.4,20.5,0.77,-80.23," Muisne,Esmeraldas","Near Coast of Ecuador","3.0 - 3.9","< 60",2
"246",3.3,9.6,0.72,-80.37," Muisne,Esmeraldas","Near Coast of Ecuador","3.0 - 3.9","< 60",2
"247",3.3,2.8,0.81,-80.41," Muisne,Esmeraldas","Near Coast of Ecuador","3.0 - 3.9","< 60",2
"248",3.3,5.9,-0.01,-80.23," Jama,Manabi","Near Coast of Ecuador","3.0 - 3.9","< 60",2
"249",3.3,4.4,-0.33,-80.41," Jama,Manabi","Manabi","3.0 - 3.9","< 60",2
"250",3.5,8.5,-0.21,-80.54," Jama,Manabi","Near Coast of Ecuador","3.0 - 3.9","< 60",2
"251",3.4,7.4,0.09,-80.32," Pedernales,Manabi","Near Coast of Ecuador","3.0 - 3.9","< 60",2
"252",3,27,0.03,-80.14," Pedernales,Manabi","Near Coast of Ecuador","1.0 - 3.0","< 60",2
"254",3.3,8.6,0.4,-80.81," Jama,Manabi","Near Coast of Ecuador","3.0 - 3.9","< 60",2
"255",3.8,26.3,-0.3,-79.7," Flavio Alfaro,Manabi","Manabi","3.0 - 3.9","< 60",2
"256",3.4,6.4,0.38,-80.66," Muisne,Esmeraldas","Near Coast of Ecuador","3.0 - 3.9","< 60",2
"257",3.1,10.5,0.34,-80.24," Pedernales,Manabi","Near Coast of Ecuador","3.0 - 3.9","< 60",2
"258",4.2,13.1,-0.39,-80.32," Jama,Manabi","Manabi","4.0 - 4.9","< 60",2
"259",3.2,5,0.4,-80.41," Muisne,Esmeraldas","Near Coast of Ecuador","3.0 - 3.9","< 60",2
"260",3.1,10.4,0.41,-80.61," Muisne,Esmeraldas","Near Coast of Ecuador","3.0 - 3.9","< 60",2
"265",4.3,11.9,-0.02,-80.27," Jama,Manabi","Near Coast of Ecuador","4.0 - 4.9","< 60",2
"268",3.5,5,-0.11,-80.71," Jama,Manabi","Near Coast of Ecuador","3.0 - 3.9","< 60",2
"269",3.5,5.6,-0.14,-80.66," Jama,Manabi","Near Coast of Ecuador","3.0 - 3.9","< 60",2
"270",4.3,10,-0.22,-80.65," Jama,Manabi","Near Coast of Ecuador","4.0 - 4.9","< 60",2
"273",3.5,4.6,0.3,-80.6," Pedernales,Manabi","Near Coast of Ecuador","3.0 - 3.9","< 60",2
"295",3.7,10,-0.18,-80.8," Jama,Manabi","Near Coast of Ecuador","3.0 - 3.9","< 60",2
"296",4.1,10,-0.17,-80.77," Jama,Manabi","Near Coast of Ecuador","4.0 - 4.9","< 60",2
"303",3.7,5.9,0.72,-80.23," Muisne,Esmeraldas","Near Coast of Ecuador","3.0 - 3.9","< 60",2
"317",3.9,10,-0.46,-80.89," Bahia de Caraquez,Manabi","Near Coast of Ecuador","3.0 - 3.9","< 60",2
"324",3.6,9.9,0.71,-80.31," Muisne,Esmeraldas","Near Coast of Ecuador","3.0 - 3.9","< 60",2
"325",3.5,8.4,0.68,-80.29," Muisne,Esmeraldas","Near Coast of Ecuador","3.0 - 3.9","< 60",2
"332",3.7,6.4,0.66,-80.28," Muisne,Esmeraldas","Near Coast of Ecuador","3.0 - 3.9","< 60",2
"333",3.3,11.4,0.47,-80.71," Muisne,Esmeraldas","Near Coast of Ecuador","3.0 - 3.9","< 60",2
"334",3.6,11.9,-0.16,-80.71," Jama,Manabi","Near Coast of Ecuador","3.0 - 3.9","< 60",2
"335",3.5,9,0.37,-80.82," Jama,Manabi","Near Coast of Ecuador","3.0 - 3.9","< 60",2
"338",5.3,14,0.34,-80.63," Pedernales,Manabi","Near Coast of Ecuador","5.0 - 5.9","< 60",2
"339",4,12.3,0.41,-80.64," Muisne,Esmeraldas","Near Coast of Ecuador","4.0 - 4.9","< 60",2
"340",3.6,7,0.32,-80.59," Pedernales,Manabi","Near Coast of Ecuador","3.0 - 3.9","< 60",2
"341",4.8,11.4,0.28,-80.61," Jama,Manabi","Near Coast of Ecuador","4.0 - 4.9","< 60",2
"342",3.7,19.5,0.44,-80.75," Muisne,Esmeraldas","Near Coast of Ecuador","3.0 - 3.9","< 60",2
"352",3.8,10.7,-0.26,-80.69," Jama,Manabi","Near Coast of Ecuador","3.0 - 3.9","< 60",2
"356",4.1,6.9,0.33,-80.26," Pedernales,Manabi","Near Coast of Ecuador","4.0 - 4.9","< 60",2
"367",3.6,8.9,-0.07,-80.27," Jama,Manabi","Near Coast of Ecuador","3.0 - 3.9","< 60",2
"368",3.9,2.1,0.49,-80.87," Muisne,Esmeraldas","Near Coast of Ecuador","3.0 - 3.9","< 60",2
"372",3.6,2.7,-0.59,-80.99," Manta,Manabi","Near Coast of Ecuador","3.0 - 3.9","< 60",2
"384",3.9,6,0.27,-80.26," Pedernales,Manabi","Near Coast of Ecuador","3.0 - 3.9","< 60",2
"393",4.5,4.9,-0.18,-80.64," Jama,Manabi","Near Coast of Ecuador","4.0 - 4.9","< 60",2
"394",3.7,2.2,-0.17,-80.65," Jama,Manabi","Near Coast of Ecuador","3.0 - 3.9","< 60",2
"426",3.7,5.7,-0.09,-80.49," Jama,Manabi","Near Coast of Ecuador","3.0 - 3.9","< 60",2
"455",3.5,4.4,-0.15,-80.66," Jama,Manabi","Near Coast of Ecuador","3.0 - 3.9","< 60",2
"459",3.6,9.2,0.18,-79.61," Quininde,Esmeraldas","Esmeraldas","3.0 - 3.9","< 60",2
"460",3.7,1.1,-0.15,-80.67," Jama,Manabi","Near Coast of Ecuador","3.0 - 3.9","< 60",2
"461",3.8,2.1,-0.12,-80.83," Jama,Manabi","Near Coast of Ecuador","3.0 - 3.9","< 60",2
"473",3.8,10,0.45,-80.85," Muisne,Esmeraldas","Near Coast of Ecuador","3.0 - 3.9","< 60",2
"478",3.5,12,-0.22,-80.83," Bahia de Caraquez,Manabi","Near Coast of Ecuador","3.0 - 3.9","< 60",2
"519",3.6,7.6,0.14,-80.25," Pedernales,Manabi","Near Coast of Ecuador","3.0 - 3.9","< 60",2
"529",5.3,7,-0.07,-80.88," Jama,Manabi","Near Coast of Ecuador","5.0 - 5.9","< 60",2
"546",3.8,4.7,-0.14,-80.56," Jama,Manabi","Near Coast of Ecuador","3.0 - 3.9","< 60",2
"547",3.8,4.8,-0.11,-80.52," Jama,Manabi","Near Coast of Ecuador","3.0 - 3.9","< 60",2
"548",3.6,7,-0.17,-80.63," Jama,Manabi","Near Coast of Ecuador","3.0 - 3.9","< 60",2
"553",4.2,4.1,-0.5,-80.84," Bahia de Caraquez,Manabi","Near Coast of Ecuador","4.0 - 4.9","< 60",2
"559",3.8,4.3,0.27,-80.73," Jama,Manabi","Near Coast of Ecuador","3.0 - 3.9","< 60",2
"574",3.5,7.9,0.69,-80.28," Muisne,Esmeraldas","Near Coast of Ecuador","3.0 - 3.9","< 60",2
"581",3.8,9.2,-0.14,-80.42," Jama,Manabi","Near Coast of Ecuador","3.0 - 3.9","< 60",2
"613",3.9,10,-0.22,-80.67," Jama,Manabi","Near Coast of Ecuador","3.0 - 3.9","< 60",2
"614",4.1,10,-0.16,-80.7," Jama,Manabi","Near Coast of Ecuador","4.0 - 4.9","< 60",2
"615",3.6,10,-0.22,-80.71," Jama,Manabi","Near Coast of Ecuador","3.0 - 3.9","< 60",2
"624",3.7,7,0.67,-80.24," Muisne,Esmeraldas","Near Coast of Ecuador","3.0 - 3.9","< 60",2
"629",3.5,6.5,0.31,-80.19," Pedernales,Manabi","Near Coast of Ecuador","3.0 - 3.9","< 60",2
"641",3.9,4.9,0.48,-80.65," Muisne,Esmeraldas","Near Coast of Ecuador","3.0 - 3.9","< 60",2
"668",3.6,10.9,-0.33,-80.44," Jama,Manabi","Near Coast of Ecuador","3.0 - 3.9","< 60",2
"676",4.1,6.5,0.13,-80.36," Pedernales,Manabi","Near Coast of Ecuador","4.0 - 4.9","< 60",2
"678",4.9,8,-0.18,-80.84," Jama,Manabi","Near Coast of Ecuador","4.0 - 4.9","< 60",2
"680",6.3,9,-0.15,-80.85," Jama,Manabi","Near Coast of Ecuador","6.0 - 6.9","< 60",2
"682",4.5,1.1,-0.12,-80.75," Jama,Manabi","Near Coast of Ecuador","4.0 - 4.9","< 60",2
"684",3.7,10.4,0.02,-80.42," Jama,Manabi","Near Coast of Ecuador","3.0 - 3.9","< 60",2
"685",4.4,8.2,0.47,-80.64," Muisne,Esmeraldas","Near Coast of Ecuador","4.0 - 4.9","< 60",2
"687",4,9.9,0.35,-80.23," Pedernales,Manabi","Near Coast of Ecuador","4.0 - 4.9","< 60",2
"693",3.8,10,-0.02,-80.99," Jama,Manabi","Near Coast of Ecuador","3.0 - 3.9","< 60",2
"698",3.6,20.4,0.38,-80.99," Jama,Manabi","Near Coast of Ecuador","3.0 - 3.9","< 60",2
"699",3.6,10,-0.06,-80.99," Jama,Manabi","Near Coast of Ecuador","3.0 - 3.9","< 60",2
"700",3.7,2.2,-0.19,-80.78," Jama,Manabi","Near Coast of Ecuador","3.0 - 3.9","< 60",2
"701",4.5,10.5,-0.13,-81," Jama,Manabi","Near Coast of Ecuador","4.0 - 4.9","< 60",2
"708",4.3,6.6,-0.24,-80.7," Jama,Manabi","Near Coast of Ecuador","4.0 - 4.9","< 60",2
"714",3.6,1.9,-0.24,-80.77," Jama,Manabi","Near Coast of Ecuador","3.0 - 3.9","< 60",2
"730",4.4,5,0.3,-80.09," Pedernales,Manabi","Near Coast of Ecuador","4.0 - 4.9","< 60",2
"732",3.8,9,0.73,-80.28," Muisne,Esmeraldas","Near Coast of Ecuador","3.0 - 3.9","< 60",2
"733",4.4,10.2,0.73,-80.29," Muisne,Esmeraldas","Near Coast of Ecuador","4.0 - 4.9","< 60",2
"738",3.7,21.5,-0.14,-80.78," Jama,Manabi","Near Coast of Ecuador","3.0 - 3.9","< 60",2
"739",4.2,7.7,-0.13,-80.72," Jama,Manabi","Near Coast of Ecuador","4.0 - 4.9","< 60",2
"741",3.7,9.7,-0.1,-80.82," Jama,Manabi","Near Coast of Ecuador","3.0 - 3.9","< 60",2
"745",3.5,10,-0.13,-80.71," Jama,Manabi","Near Coast of Ecuador","3.0 - 3.9","< 60",2
"754",3.7,2.2,-0.17,-80.66," Jama,Manabi","Near Coast of Ecuador","3.0 - 3.9","< 60",2
"768",4,4.2,-0.27,-80.8," Bahia de Caraquez,Manabi","Near Coast of Ecuador","4.0 - 4.9","< 60",2
"769",4,7,-0.08,-80.78," Jama,Manabi","Near Coast of Ecuador","4.0 - 4.9","< 60",2
"813",4.2,24,0.02,-80.09," Pedernales,Manabi","Manabi","4.0 - 4.9","< 60",2
"843",5,9,0.76,-80.2,"Muisne,Esmeraldas","Near Coast of Ecuador","5.0 - 5.9","< 60",2
"844",4.3,11.8,0.82,-80.24,"Muisne,Esmeraldas","Near Coast of Ecuador","4.0 - 4.9","< 60",2
"899",3.8,5.7,0.05,-80.27,"Pedernales,Manabi","Near Coast of Ecuador","3.0 - 3.9","< 60",2
"906",3.5,9.7,-0.15,-80.71,"Jama,Manabi","Near Coast of Ecuador","3.0 - 3.9","< 60",2
"944",4.1,9.5,0.4,-80.53,"Muisne,Esmeraldas","Near Coast of Ecuador","4.0 - 4.9","< 60",2
"952",4.9,6.7,-0.55,-80.79,"Bahia de Caraquez,Manabi","Near Coast of Ecuador","4.0 - 4.9","< 60",2
"971",4.3,6.3,-0.22,-80.64,"Jama,Manabi","Near Coast of Ecuador","4.0 - 4.9","< 60",2
"972",3.8,5.3,-0.19,-80.66,"Jama,Manabi","Near Coast of Ecuador","3.0 - 3.9","< 60",2
"974",4.9,4.8,-0.18,-80.66,"Jama,Manabi","Near Coast of Ecuador","4.0 - 4.9","< 60",2
"975",3.8,7.2,-0.16,-80.76,"Jama,Manabi","Near Coast of Ecuador","3.0 - 3.9","< 60",2
"1004",4.3,4.9,0.31,-80.94,"Jama,Manabi","Near Coast of Ecuador","4.0 - 4.9","< 60",2
"1005",3.8,7,0.35,-80.9,"Jama,Manabi","Near Coast of Ecuador","3.0 - 3.9","< 60",2
"1009",3.5,10,0.22,-80.67,"Jama,Manabi","Near Coast of Ecuador","3.0 - 3.9","< 60",2
"1010",3.7,4.7,0.23,-80.67,"Jama,Manabi","Near Coast of Ecuador","3.0 - 3.9","< 60",2
"1011",3.6,4.2,0.28,-80.89,"Jama,Manabi","Near Coast of Ecuador","3.0 - 3.9","< 60",2
"1038",5.45892053,22.30558268,0.31,-80.13,"Muisne,Esmeraldas","Manabi","5.0 - 5.9","< 60",2
"1039",4.16999697,5.42705679,-0.05,-80.12,"Pedernales,Manabi","Manabi","4.0 - 4.9","< 60",2
"1040",5.11840116,4.41175747,0.04,-80.23,"Pedernales,Manabi","Near Coast of Ecuador","5.0 - 5.9","< 60",2
"1041",3.96445033,7.71502304,-0.01,-80.33,"Pedernales,Manabi","Near Coast of Ecuador","4.0 - 4.9","< 60",2
"1042",5.65732497,6.98301315,-0.21,-80.33,"Jama,Manabi","Near Coast of Ecuador","5.0 - 5.9","< 60",2
"1043",3.86749598,4.88319683,0.02,-80.66,"Pedernales,Manabi","Near Coast of Ecuador","3.0 - 3.9","< 60",2
"1044",4.36973914,7.60070229,0.33,-80.36,"nas","Near Coast of Ecuador","4.0 - 4.9","< 60",2
"1045",4.08480203,8.37731361,-0.06,-80.48,"nas","Manabi","4.0 - 4.9","< 60",2
"1046",4.66275559,5.9694066,0.32,-80.2,"nas","Near Coast of Ecuador","4.0 - 4.9","< 60",2
"1047",3.96008942,6.83753872,-0.14,-80.22,"nas","Near Coast of Ecuador","4.0 - 4.9","< 60",2
"1049",4.69100314,9.47252464,-0.14,-80.79,"nas","Manabi","4.0 - 4.9","< 60",2
"1050",3.79593305,6.47819376,0.24,-80.3,"nas","Manabi","3.0 - 3.9","< 60",2
"1051",3.91763404,6.28111315,-0.09,-80.04,"nas","Manabi","4.0 - 4.9","< 60",2
"1052",3.89591797,7.21911192,0.05,-80.41,"nas","Manabi","3.0 - 3.9","< 60",2
"1053",3.84301303,6.77529287,-0.03,-80.14,"nas","Near Coast of Ecuador","3.0 - 3.9","< 60",2
"1054",3.76331638,10,-0.18,-80.33,"nas","Near Coast of Ecuador","3.0 - 3.9","< 60",2
"1055",3.66360382,10.50400829,-0.25,-80.68,"nas","Manabi","3.0 - 3.9","< 60",2
"1056",4.20496853,5,0.47,-80.31,"nas","Near Coast of Ecuador","4.0 - 4.9","< 60",2
"1057",3.64392804,11.68936729,-0.07,-80.75,"nas","Near Coast of Ecuador","3.0 - 3.9","< 60",2
"1058",3.55503173,5,-0.1,-80.49,"nas","Manabi","3.0 - 3.9","< 60",2
"1059",3.54014946,2.30457234,-0.35,-80.44,"nas","Near Coast of Ecuador","3.0 - 3.9","< 60",2
"1060",3.59103147,10.56093884,0.24,-80.75,"nas","Near Coast of Ecuador","3.0 - 3.9","< 60",2
"1061",3.83296033,1.04479206,-0.03,-80.31,"nas","Near Coast of Ecuador","3.0 - 3.9","< 60",2
"1062",5.17477391,8.55240536,-0.26,-80.89,"nas","Near Coast of Ecuador","5.0 - 5.9","< 60",2
"1063",3.86445784,5.74467754,-0.11,-80.87,"nas","Near Coast of Ecuador","3.0 - 3.9","< 60",2
"1064",4.11289073,6.76925278,0.29,-80.57,"nas","Near Coast of Ecuador","4.0 - 4.9","< 60",2
"1065",3.94667929,10,-0.13,-80.43,"nas","Near Coast of Ecuador","4.0 - 4.9","< 60",2
"1066",3.6880366,10,0.08,-81.09,"nas","Esmeraldas","3.0 - 3.9","< 60",2
"1067",3.95677404,10,0.01,-79.58,"nas","Near Coast of Ecuador","4.0 - 4.9","< 60",2
"1068",4.27948816,8.6162777,-0.29,-80.38,"nas","Near Coast of Ecuador","4.0 - 4.9","< 60",2
"1069",5.63029967,4.07835579,-0.14,-80.48,"nas","Near Coast of Ecuador","5.0 - 5.9","< 60",2
"1070",4.23583164,9.60111809,0.28,-80.73,"nas","Manabi","4.0 - 4.9","< 60",2
"1071",4.33037873,10,0.02,-80.16,"nas","Near Coast of Ecuador","4.0 - 4.9","< 60",2
"1072",3.60920129,8.74760437,0.38,-80.25,"nas","Esmeraldas","3.0 - 3.9","< 60",2
"1074",4.30955423,4.34064102,-0.17,-80.72,"nas","Near Coast of Ecuador","4.0 - 4.9","< 60",2
"1075",4.14127193,10,-0.17,-80.73,"nas","Near Coast of Ecuador","4.0 - 4.9","< 60",2
"1076",5.04260799,7.50820112,0.68,-80.76,"nas","Esmeraldas","5.0 - 5.9","< 60",2
"1079",4.018763,7.94914007,0.03,-80.56,"nas","Near Coast of Ecuador","4.0 - 4.9","< 60",2
"1080",3.94117516,2.2352736,0.07,-80.81,"nas","Near Coast of Ecuador","4.0 - 4.9","< 60",2
"1081",4.38669767,10,-0.26,-80.97,"nas","Near Coast of Ecuador","4.0 - 4.9","< 60",2
"1082",3.5993031,3.03110766,-0.47,-81.04,"nas","Manabi","3.0 - 3.9","< 60",2
"1083",4.30113185,10,-0.05,-80.41,"nas","Near Coast of Ecuador","4.0 - 4.9","< 60",2
"1084",5.08396486,8.35934734,0.37,-80.85,"nas","Near Coast of Ecuador","5.0 - 5.9","< 60",2
"1085",4.27505501,9.22354412,-0.03,-80.31,"nas","Near Coast of Ecuador","4.0 - 4.9","< 60",2
"1086",3.96325157,6.73099136,0.39,-80.31,"nas","Near Coast of Ecuador","4.0 - 4.9","< 60",2
"1087",3.60040634,9.60727119,-0.25,-80.53,"nas","Near Coast of Ecuador","3.0 - 3.9","< 60",2
"1088",4.75226476,10,-0.12,-80.53,"nas","Near Coast of Ecuador","4.0 - 4.9","< 60",2
"1089",4.15524449,6.39978886,0.54,-80.87,"nas","Esmeraldas","4.0 - 4.9","< 60",2
"1090",4.04246992,8.43670845,-0.45,-80.05,"nas","Manabi","4.0 - 4.9","< 60",2
"1091",4.02964052,5.35845661,-0.1,-80.38,"nas","Manabi","4.0 - 4.9","< 60",2
"1094",3.52620419,9.35428715,-0.43,-79.78,"nas","Manabi","3.0 - 3.9","< 60",2
"1095",3.5248609,5,0.02,-79.64,"nas","Near Coast of Ecuador","3.0 - 3.9","< 60",2
"1096",3.53979873,12.42844296,0.29,-80.75,"nas","Near Coast of Ecuador","3.0 - 3.9","< 60",2
"1097",4.09537129,5.41064167,-0.15,-80.6,"nas","Near Coast of Ecuador","4.0 - 4.9","< 60",2
"1098",4.81797698,5.45933008,0.35,-80.59,"nas","Near Coast of Ecuador","4.0 - 4.9","< 60",2
"1099",3.91169544,6.91969347,-0.22,-80.46,"nas","Near Coast of Ecuador","4.0 - 4.9","< 60",2
"1100",4.40821407,7.05759096,-0.14,-80.7,"nas","Near Coast of Ecuador","4.0 - 4.9","< 60",2
"1101",3.83005889,11.27045441,-0.07,-80.81,"nas","Near Coast of Ecuador","3.0 - 3.9","< 60",2
"1102",3.71312172,6.55678606,-0.03,-80.37,"nas","Near Coast of Ecuador","3.0 - 3.9","< 60",2
"1103",3.76418681,6.49831104,-0.16,-80.35,"nas","Near Coast of Ecuador","3.0 - 3.9","< 60",2
"1104",3.63660338,3.49831605,-0.15,-80.46,"nas","Manabi","3.0 - 3.9","< 60",2
"1105",3.786524,9.37376213,-0.23,-80.35,"nas","Manabi","3.0 - 3.9","< 60",2
"1106",3.8316757,8.65192509,-0.3,-80.33,"nas","Manabi","3.0 - 3.9","< 60",2
"1107",6.07459352,7.94252729,-0.4,-80.17,"nas","Manabi","6.0 - 6.9","< 60",2
"1108",3.59209791,5.21173334,0.23,-80.4,"nas","Esmeraldas","3.0 - 3.9","< 60",2
"1109",4.33355227,10,0.06,-80,"nas","Near Coast of Ecuador","4.0 - 4.9","< 60",2
"1110",3.5154273,6.05619574,-0.02,-80.94,"nas","Near Coast of Ecuador","3.0 - 3.9","< 60",2
"1111",4.18034742,6.70803785,-0.46,-80.2,"nas","Manabi","4.0 - 4.9","< 60",2
"1113",3.76653576,5,0.65,-80.86,"nas","Near Coast of Ecuador","3.0 - 3.9","< 60",2
"1115",3.74746672,5,-0.14,-79.86,"nas","Manabi","3.0 - 3.9","< 60",2
"1116",4.23452694,6.48033762,-0.19,-80.29,"nas","Near Coast of Ecuador","4.0 - 4.9","< 60",2
"1117",3.75906068,7.32667589,0.25,-80.58,"nas","Manabi","3.0 - 3.9","< 60",2
"1118",4.47807822,10.90612793,-0.16,-79.87,"nas","Near Coast of Ecuador","4.0 - 4.9","< 60",2
"1119",4.08907292,5.09526491,0.59,-80.58,"nas","Esmeraldas","4.0 - 4.9","< 60",2
"1120",5.67335769,6.74551058,-0.12,-80.13,"nas","Near Coast of Ecuador","5.0 - 5.9","< 60",2
"1121",3.73539163,15.01320744,-0.18,-80.8,"nas","Manabi","3.0 - 3.9","< 60",2
"1122",3.81475223,13.46090794,-0.19,-80.25,"nas","Manabi","3.0 - 3.9","< 60",2
"1123",4.83648113,5.9397006,0.39,-80.37,"nas","Near Coast of Ecuador","4.0 - 4.9","< 60",2
"1125",4.4953674,3.09435201,0.32,-80.83,"nas","Near Coast of Ecuador","4.0 - 4.9","< 60",2
"1126",4.71708295,8.32425594,-0.04,-80.42,"nas","Near Coast of Ecuador","4.0 - 4.9","< 60",2
"1128",3.70138411,3.11169934,0.59,-80.91,"nas","Esmeraldas","3.0 - 3.9","< 60",2
"1129",5.087143,9.11882591,-0.25,-80.06,"nas","Manabi","5.0 - 5.9","< 60",2
"1130",4.19281663,7.88046551,-0.18,-80.42,"nas","Manabi","4.0 - 4.9","< 60",2
"1131",3.8387701,10.29966354,0.07,-80.26,"nas","Near Coast of Ecuador","3.0 - 3.9","< 60",2
"1132",3.62357832,1.14168298,-0.04,-80.86,"nas","Near Coast of Ecuador","3.0 - 3.9","< 60",2
"1133",3.58128563,6.2848525,-0.03,-80.8,"nas","Manabi","3.0 - 3.9","< 60",2
"1135",3.52235003,8.87146854,-0.05,-80.83,"nas","Manabi","3.0 - 3.9","< 60",2
"1136",4.51982412,6.57745791,-0.17,-80.23,"nas","Manabi","4.0 - 4.9","< 60",2
"1138",3.5895338,9.35830879,0.62,-80.99,"nas","Near Coast of Ecuador","3.0 - 3.9","< 60",2
"1141",3.50016838,3.55224132,-0.45,-80.96,"nas","Manabi","3.0 - 3.9","< 60",2
"1144",3.87758572,6,-0.27,-80.79,"nas","Near Coast of Ecuador","3.0 - 3.9","< 60",2
"1145",3.71140794,6.19797182,0.02,-81.04,"nas","Near Coast of Ecuador","3.0 - 3.9","< 60",2
"1146",4.36916028,16.42699814,-0.16,-80.72,"nas","Near Coast of Ecuador","4.0 - 4.9","< 60",2
"1147",3.58009784,10,0.67,-80.86,"nas","Near Coast of Ecuador","3.0 - 3.9","< 60",2
"1148",5.41735028,11.75938702,0.09,-80.16,"nas","Near Coast of Ecuador","5.0 - 5.9","< 60",2
"1149",3.84329234,10,-0.01,-80.73,"nas","Manabi","3.0 - 3.9","< 60",2
"1150",3.77461602,20.01446152,-0.32,-80.1,"nas","Manabi","3.0 - 3.9","< 60",2
"1151",3.68414127,3.31151104,0.58,-80.39,"nas","Esmeraldas","3.0 - 3.9","< 60",2
"1153",3.91259916,10,-0.23,-80.58,"nas","Near Coast of Ecuador","4.0 - 4.9","< 60",2
"1154",3.71587524,13.21645069,-0.32,-80.91,"nas","Manabi","3.0 - 3.9","< 60",2
"1155",4.18809996,10,-0.09,-80.31,"nas","Near Coast of Ecuador","4.0 - 4.9","< 60",2
"1156",4.3345067,8,-0.14,-80.77,"nas","Near Coast of Ecuador","4.0 - 4.9","< 60",2
"1157",3.79088798,7.38929749,0.37,-80.56,"nas","Near Coast of Ecuador","3.0 - 3.9","< 60",2
"1158",3.64813208,6.2802577,0.49,-80.45,"nas","Near Coast of Ecuador","3.0 - 3.9","< 60",2
"1160",3.54891314,15.91362572,-0.24,-80.24,"nas","Near Coast of Ecuador","3.0 - 3.9","< 60",2
"1161",4.75851089,17.53755951,-0.34,-80.87,"nas","Near Coast of Ecuador","4.0 - 4.9","< 60",2
"1162",3.6741141,6.21950388,0.46,-80.97,"nas","Esmeraldas","3.0 - 3.9","< 60",2
"1168",3.89106628,7.33925676,0.57,-81.09,"nas","Esmeraldas","3.0 - 3.9","< 60",2
"1170",3.85014535,10,0.66,-81.15,"nas","Near Coast of Ecuador","3.0 - 3.9","< 60",2
"1171",3.6720494,10,0.68,-80.35,"nas","Near Coast of Ecuador","3.0 - 3.9","< 60",2
"1173",4.00490848,3.78792882,-0.29,-81.29,"nas","Manabi","4.0 - 4.9","< 60",2
"1175",3.77053147,5.19297886,-0.27,-80.97,"nas","Near Coast of Ecuador","3.0 - 3.9","< 60",2
"1176",3.63115894,1.25557244,0.36,-80.55,"nas","Near Coast of Ecuador","3.0 - 3.9","< 60",2
"1181",3.74477983,5,-0.04,-81.03,"nas","Near Coast of Ecuador","3.0 - 3.9","< 60",2
"1182",3.99681021,10.00180054,-0.05,-80.41,"nas","Near Coast of Ecuador","4.0 - 4.9","< 60",2
"1183",3.54967699,5.96408272,0.8,-80.76,"nas","Near Coast of Ecuador","3.0 - 3.9","< 60",2
"1184",3.54623052,5,0.07,-80.5,"nas","Near Coast of Ecuador","3.0 - 3.9","< 60",2
"1185",3.60535913,9.11593437,0.43,-80.9,"nas","Near Coast of Ecuador","3.0 - 3.9","< 60",2
"1187",4.38815181,4.15263176,0.65,-81.03,"nas","Esmeraldas","4.0 - 4.9","< 60",2
"1188",3.7592219,2.34895682,-0.14,-80.08,"nas","Near Coast of Ecuador","3.0 - 3.9","< 60",2
"1189",5.73213352,5.37418175,0.57,-80.76,"nas","Esmeraldas","5.0 - 5.9","< 60",2
"1194",3.71627014,3.51527333,0.6,-81.11,"nas","Esmeraldas","3.0 - 3.9","< 60",2
"1195",3.97777055,5.97694397,-0.01,-79.99,"nas","Near Coast of Ecuador","4.0 - 4.9","< 60",2
"1196",3.57637514,7.51999855,-0.08,-80.8,"nas","Near Coast of Ecuador","3.0 - 3.9","< 60",2
"1197",3.89151847,7.42697239,0.05,-80.85,"nas","Near Coast of Ecuador","3.0 - 3.9","< 60",2
"1199",4.00312622,7.52366638,-0.15,-81.27,"nas","Near Coast of Ecuador","4.0 - 4.9","< 60",2
"1204",3.88567445,5.35462523,0.18,-80.91,"nas","Near Coast of Ecuador","3.0 - 3.9","< 60",2
"1205",4.0921992,6.29936647,0.56,-80.35,"nas","Esmeraldas","4.0 - 4.9","< 60",2
"1209",4.77920843,6.06570768,-0.11,-80.25,"nas","Near Coast of Ecuador","4.0 - 4.9","< 60",2
"1210",3.89900948,4.86012077,0.64,-80.48,"nas","Esmeraldas","3.0 - 3.9","< 60",2
"1213",3.51986234,10.69965649,-0.09,-80.62,"nas","Manabi","3.0 - 3.9","< 60",2
"1215",3.92113756,10,-0.13,-80.86,"nas","Near Coast of Ecuador","4.0 - 4.9","< 60",2
"1217",3.71862602,10,0.86,-81.27,"nas","Near Coast of Ecuador","3.0 - 3.9","< 60",2
"1218",3.52200355,0.75335252,-0.33,-80.54,"nas","Near Coast of Ecuador","3.0 - 3.9","< 60",2
"1220",4.21610465,10,-0.07,-80.32,"nas","Near Coast of Ecuador","4.0 - 4.9","< 60",2
"1221",4.8491206,2.7307651,-0.14,-80.96,"nas","Near Coast of Ecuador","4.0 - 4.9","< 60",2
"1225",3.5921912,5.98260975,0.79,-81.07,"nas","Near Coast of Ecuador","3.0 - 3.9","< 60",2
"1226",3.8154909,5.09891558,0.53,-80.43,"nas","Near Coast of Ecuador","3.0 - 3.9","< 60",2
"1228",5.39747179,3.99765539,0.53,-81.2,"nas","Esmeraldas","5.0 - 5.9","< 60",2
"1229",4.89325285,4.63890982,-0.34,-79.85,"nas","Near Coast of Ecuador","4.0 - 4.9","< 60",2
"1230",3.95212246,9.32917786,0.78,-81.06,"nas","Near Coast of Ecuador","4.0 - 4.9","< 60",2
"1231",3.64570216,10,-0.4,-80.2,"nas","Near Coast of Ecuador","3.0 - 3.9","< 60",2
"1233",3.50152527,10,-0.13,-80.89,"nas","Near Coast of Ecuador","3.0 - 3.9","< 60",2
"1234",3.87873925,10,-0.02,-81.14,"nas","Near Coast of Ecuador","3.0 - 3.9","< 60",2
"1237",3.55375126,10,-0.65,-81.03,"nas","Near Coast of Ecuador","3.0 - 3.9","< 60",2
"1238",4.78122186,4.92011118,0.72,-80.82,"nas","Near Coast of Ecuador","4.0 - 4.9","< 60",2
"1239",6.4307221,4.31011057,0.78,-80.27,"nas","Near Coast of Ecuador","6.0 - 6.9","< 60",2
"1240",4.21431593,3.65850449,0.68,-80.46,"nas","Near Coast of Ecuador","4.0 - 4.9","< 60",2
"1241",4.42161586,5.09258747,0.51,-80.26,"nas","Esmeraldas","4.0 - 4.9","< 60",2
"1243",4.42400356,10,0.3,-80.14,"nas","Manabi","4.0 - 4.9","< 60",2
"1248",3.62573091,8.54414463,0.63,-80.34,"nas","Esmeraldas","3.0 - 3.9","< 60",2
"1250",4.37863333,3.93473935,-0.02,-80.36,"nas","Manabi","4.0 - 4.9","< 60",2
"1252",3.64987347,4.67590666,0.69,-80.39,"nas","Near Coast of Ecuador","3.0 - 3.9","< 60",2
"1253",3.60067716,17.36582375,0.69,-80.28,"nas","Near Coast of Ecuador","3.0 - 3.9","< 60",2
"1254",3.5446066,10,0.76,-80.21,"nas","Near Coast of Ecuador","3.0 - 3.9","< 60",2
"1257",4.15207091,3.71316409,-0.31,-80.6,"nas","Near Coast of Ecuador","4.0 - 4.9","< 60",2
"1258",3.8300755,10,0.7,-81.11,"nas","Near Coast of Ecuador","3.0 - 3.9","< 60",2
"1259",4.5165711,10,-0.16,-80.15,"nas","Near Coast of Ecuador","4.0 - 4.9","< 60",2
"1260",4.63648245,7.04992199,-0.1,-80.82,"nas","Manabi","4.0 - 4.9","< 60",2
"1261",3.88827541,2.98606038,0.88,-80.3,"nas","Near Coast of Ecuador","3.0 - 3.9","< 60",2
"1262",4.29917882,8.20133591,-0.1,-80.55,"nas","Near Coast of Ecuador","4.0 - 4.9","< 60",2
"1263",4.54909498,3.47591925,-0.06,-80.92,"nas","Near Coast of Ecuador","4.0 - 4.9","< 60",2
"1264",3.58114143,9.30139637,0.09,-80.99,"nas","Near Coast of Ecuador","3.0 - 3.9","< 60",2
"1266",3.96804963,2.34113979,0.8,-80.57,"nas","Near Coast of Ecuador","4.0 - 4.9","< 60",2
"1268",4.86775996,5.85208321,-0.06,-80.19,"nas","Near Coast of Ecuador","4.0 - 4.9","< 60",2
"1269",3.84454736,14.70118141,-0.16,-80.87,"nas","Near Coast of Ecuador","3.0 - 3.9","< 60",2
"1271",3.97583133,2.90178204,-0.04,-81.26,"nas","Manabi","4.0 - 4.9","< 60",2
"1273",3.76107913,4.32687616,0.67,-80.5,"nas","Near Coast of Ecuador","3.0 - 3.9","< 60",2
"1274",3.51271298,9.35159016,0.57,-80.5,"nas","Esmeraldas","3.0 - 3.9","< 60",2
"1276",4.44043068,5,0.23,-80.24,"nas","Near Coast of Ecuador","4.0 - 4.9","< 60",2
"1277",4.04057321,3.90500403,0.57,-80.51,"nas","Near Coast of Ecuador","4.0 - 4.9","< 60",2
"1278",3.76201166,5,0.77,-80.41,"nas","Near Coast of Ecuador","3.0 - 3.9","< 60",2
"1279",4.89822659,6.39017439,-0.12,-80.49,"nas","Near Coast of Ecuador","4.0 - 4.9","< 60",2
"1280",5.04306277,10,-0.23,-80.98,"nas","Near Coast of Ecuador","5.0 - 5.9","< 60",2
"1281",4.17381728,10,-0.36,-81.27,"nas","Near Coast of Ecuador","4.0 - 4.9","< 60",2
"1282",4.55484717,6.325315,0.8,-81.17,"nas","Near Coast of Ecuador","4.0 - 4.9","< 60",2
"1283",3.50366625,10,0.75,-80.42,"nas","Near Coast of Ecuador","3.0 - 3.9","< 60",2
"1284",3.76620765,10.23543453,0.62,-80.43,"nas","Esmeraldas","3.0 - 3.9","< 60",2
"1286",3.7064909,5.58945513,0.74,-80.61,"nas","Near Coast of Ecuador","3.0 - 3.9","< 60",2
"1287",3.76240136,10.65176773,0.69,-80.35,"nas","Near Coast of Ecuador","3.0 - 3.9","< 60",2
"1288",4.42556948,5.9716382,-0.13,-80.33,"nas","Near Coast of Ecuador","4.0 - 4.9","< 60",2
"1290",3.55547903,1.73158336,0.79,-80.9,"nas","Near Coast of Ecuador","3.0 - 3.9","< 60",2
"1292",6.16025923,10,-0.18,-80.94,"nas","Near Coast of Ecuador","6.0 - 6.9","< 60",2
"1293",4.62436984,9.97137833,-0.21,-80.77,"nas","Near Coast of Ecuador","4.0 - 4.9","< 60",2
"1294",4.86354013,0.84149772,-0.28,-80.48,"nas","Near Coast of Ecuador","4.0 - 4.9","< 60",2
"1295",4.36946995,10,-0.24,-80.69,"nas","Near Coast of Ecuador","4.0 - 4.9","< 60",2
"1296",6.01236792,4.17201757,-0.18,-80.8,"nas","Near Coast of Ecuador","6.0 - 6.9","< 60",2
"1297",4.38177658,9.58618641,-0.08,-80.88,"nas","Near Coast of Ecuador","4.0 - 4.9","< 60",2
"1298",4.61735483,11.06874752,0.05,-80.95,"nas","Near Coast of Ecuador","4.0 - 4.9","< 60",2
"1299",3.58372073,10,-0.17,-80.74,"nas","Near Coast of Ecuador","3.0 - 3.9","< 60",2
"1300",3.61104548,65.79554749,-0.08,-80.71,"nas","Manabi","3.0 - 3.9","60 - 300",2
"1301",4.23752002,12.48849773,-0.1,-80.43,"nas","Near Coast of Ecuador","4.0 - 4.9","< 60",2
"1302",3.61360298,8.25347996,-0.06,-80.7,"nas","Near Coast of Ecuador","3.0 - 3.9","< 60",2
"1303",3.94675986,10,0.05,-80.69,"nas","Near Coast of Ecuador","4.0 - 4.9","< 60",2
"1304",4.50271308,10,-0.16,-81.51,"nas","Near Coast of Ecuador","4.0 - 4.9","< 60",2
"1305",5.18365008,0.47454122,-0.25,-81.04,"nas","Near Coast of Ecuador","5.0 - 5.9","< 60",2
"1307",3.53675921,152.8073883,0.44,-81.25,"nas","Manabi","3.0 - 3.9","60 - 300",2
"1308",4.24543686,6.80499697,-0.23,-80.1,"nas","Near Coast of Ecuador","4.0 - 4.9","< 60",2
"1309",3.8022041,6.31556988,-0.1,-80.5,"nas","Near Coast of Ecuador","3.0 - 3.9","< 60",2
"1310",3.51315478,12.91841507,-0.17,-80.63,"nas","Manabi","3.0 - 3.9","< 60",2
"1311",4.25516269,1.7057898,-0.07,-80.28,"nas","Near Coast of Ecuador","4.0 - 4.9","< 60",2
"1312",3.66096297,9.43618393,-0.4,-80.8,"nas","Near Coast of Ecuador","3.0 - 3.9","< 60",2
"1313",3.83967018,2.85216594,0.63,-80.98,"nas","Near Coast of Ecuador","3.0 - 3.9","< 60",2
"1314",3.74902579,11.90623856,-0.05,-80.08,"nas","Near Coast of Ecuador","3.0 - 3.9","< 60",2
"1315",5.20195438,10,-0.15,-81.24,"nas","Near Coast of Ecuador","5.0 - 5.9","< 60",2
"1316",3.62110736,13.34796047,0.12,-81.02,"nas","Near Coast of Ecuador","3.0 - 3.9","< 60",2
"1318",3.59714487,10,0.69,-81.13,"nas","Near Coast of Ecuador","3.0 - 3.9","< 60",2
"1319",5.7492045,9.3367548,0.61,-80.55,"nas","Near Coast of Ecuador","5.0 - 5.9","< 60",2
"1320",4.70820894,10,0.6,-80.36,"nas","Near Coast of Ecuador","4.0 - 4.9","< 60",2
"1321",4.43839175,8.73653126,0.72,-80.54,"nas","Near Coast of Ecuador","4.0 - 4.9","< 60",2
"1322",4.34520361,10.26876545,0.67,-80.51,"nas","Near Coast of Ecuador","4.0 - 4.9","< 60",2
"1323",3.55236297,10,0.64,-80.47,"nas","Near Coast of Ecuador","3.0 - 3.9","< 60",2
"1324",3.67479816,3.81701779,0.68,-80.21,"nas","Near Coast of Ecuador","3.0 - 3.9","< 60",2
"1326",3.7802191,4.52016258,-0.19,-80.05,"nas","Near Coast of Ecuador","3.0 - 3.9","< 60",2
"1327",3.65849655,7.54592323,0.24,-80.63,"nas","Near Coast of Ecuador","3.0 - 3.9","< 60",2
"1328",4.15130243,5.60215044,-0.09,-80.56,"nas","Near Coast of Ecuador","4.0 - 4.9","< 60",2
"1329",3.81637249,13.5057869,-0.29,-80.85,"nas","Manabi","3.0 - 3.9","< 60",2
"1330",4.24137438,10,0.09,-80.39,"nas","Near Coast of Ecuador","4.0 - 4.9","< 60",2
"1332",3.58093301,5.05259514,0.36,-80.46,"nas","Near Coast of Ecuador","3.0 - 3.9","< 60",2
"1333",4.18337165,3.1891408,0.7,-80.46,"nas","Near Coast of Ecuador","4.0 - 4.9","< 60",2
"1334",3.68296085,5.52644396,0.52,-80.6,"nas","Near Coast of Ecuador","3.0 - 3.9","< 60",2
"1335",4.99500142,10,0.7,-80.29,"nas","Near Coast of Ecuador","5.0 - 5.9","< 60",2
"1336",3.97161725,10,0.19,-80.49,"nas","Near Coast of Ecuador","4.0 - 4.9","< 60",2
"1337",3.55584743,1.97543466,0.28,-80.34,"nas","Near Coast of Ecuador","3.0 - 3.9","< 60",2
"1338",4.2784178,10.41671276,0.53,-80.63,"nas","Near Coast of Ecuador","4.0 - 4.9","< 60",2
"1339",3.91364435,2.28551602,0.94,-80.54,"nas","Near Coast of Ecuador","4.0 - 4.9","< 60",2
"1340",3.86884202,10,0.82,-80.72,"nas","Near Coast of Ecuador","3.0 - 3.9","< 60",2
"1341",4.53174518,4.63213205,0.15,-80.57,"nas","Near Coast of Ecuador","4.0 - 4.9","< 60",2
"1342",3.92193295,4.5209136,0.2,-80.83,"nas","Near Coast of Ecuador","4.0 - 4.9","< 60",2
"1343",3.59461225,10,-0.03,-80.42,"nas","Near Coast of Ecuador","3.0 - 3.9","< 60",2
"1344",3.64456229,10,-0.24,-80.82,"nas","Near Coast of Ecuador","3.0 - 3.9","< 60",2
"1345",3.50104391,5.41311169,0.04,-81.1,"nas","Near Coast of Ecuador","3.0 - 3.9","< 60",2
"1346",4.08843507,10.36977959,-0.05,-81.03,"nas","Near Coast of Ecuador","4.0 - 4.9","< 60",2
"1347",3.6458043,2.94375873,0.27,-80.51,"nas","Near Coast of Ecuador","3.0 - 3.9","< 60",2
"1348",4.38818643,6.01655006,0.7,-80.67,"nas","Esmeraldas","4.0 - 4.9","< 60",2
"1349",3.74729179,5,-0.11,-79.73,"nas","Near Coast of Ecuador","3.0 - 3.9","< 60",2
"1352",3.62998658,7.19134808,-0.45,-81.15,"nas","Manabi","3.0 - 3.9","< 60",2
"1353",3.95396321,2.95371175,-0.15,-80.35,"nas","Near Coast of Ecuador","4.0 - 4.9","< 60",2
"1354",4.21564682,5,-0.14,-80.51,"nas","Near Coast of Ecuador","4.0 - 4.9","< 60",2
"1359",3.78495623,76.69999695,0.56,-81.42,"nas","Near Coast of Ecuador","3.0 - 3.9","60 - 300",2
"1360",4.54763841,5.13646793,-0.07,-80.78,"nas","Manabi","4.0 - 4.9","< 60",2
"1364",4.34302629,9.95831966,-0.13,-81.31,"nas","Near Coast of Ecuador","4.0 - 4.9","< 60",2
"1365",3.81080923,10,-0.04,-81.11,"nas","Near Coast of Ecuador","3.0 - 3.9","< 60",2
"1367",4.5686681,6.65374756,0.37,-81.38,"nas","Near Coast of Ecuador","4.0 - 4.9","< 60",2
"1368",3.79284788,10,0.34,-80.62,"nas","Near Coast of Ecuador","3.0 - 3.9","< 60",2
"1369",3.58024375,2.52435637,0.31,-80.63,"nas","Near Coast of Ecuador","3.0 - 3.9","< 60",2
"1370",3.79360731,4.30240154,0.26,-80.51,"nas","Near Coast of Ecuador","3.0 - 3.9","< 60",2
"1372",4.18665653,10,-0.51,-80.76,"nas","Near Coast of Ecuador","4.0 - 4.9","< 60",2
"1373",4.01903608,7.66948843,0.58,-80.87,"nas","Near Coast of Ecuador","4.0 - 4.9","< 60",2
"1374",5.62373423,10,-0.14,-80.28,"nas","Near Coast of Ecuador","5.0 - 5.9","< 60",2
"1375",3.93502762,10.41729641,0.27,-80.99,"nas","Near Coast of Ecuador","4.0 - 4.9","< 60",2
"1377",3.63300358,8.30518818,0.66,-80.76,"nas","Near Coast of Ecuador","3.0 - 3.9","< 60",2
"1378",3.66339705,10,0.32,-80.52,"nas","Near Coast of Ecuador","3.0 - 3.9","< 60",2
"1379",3.55895276,9.42261505,0.48,-80.23,"nas","Esmeraldas","3.0 - 3.9","< 60",2
"1380",3.53224494,13.6183157,-0.25,-80.08,"nas","Manabi","3.0 - 3.9","< 60",2
"1381",3.78780819,10,-0.2,-80.37,"nas","Near Coast of Ecuador","3.0 - 3.9","< 60",2
"1383",4.5305933,1.22873938,-0.33,-81.21,"nas","Near Coast of Ecuador","4.0 - 4.9","< 60",2
"1384",4.37548563,10,-0.57,-81.16,"nas","Near Coast of Ecuador","4.0 - 4.9","< 60",2
"1385",4.01418432,5,0.22,-80.81,"nas","Near Coast of Ecuador","4.0 - 4.9","< 60",2
"1386",3.99321212,10.51271057,-0.17,-80.25,"nas","Near Coast of Ecuador","4.0 - 4.9","< 60",2
"1387",4.03336632,10,-0.23,-80.71,"nas","Near Coast of Ecuador","4.0 - 4.9","< 60",2
"1388",4.17007118,10.96618748,0.2,-80.98,"nas","Near Coast of Ecuador","4.0 - 4.9","< 60",2
"1392",3.95608065,5,0.17,-81.08,"nas","Near Coast of Ecuador","4.0 - 4.9","< 60",2
"1397",3.90845081,4.44566202,0.37,-81.32,"nas","Near Coast of Ecuador","4.0 - 4.9","< 60",2
"1398",3.96027026,3.9568913,0.38,-80.39,"nas","Near Coast of Ecuador","4.0 - 4.9","< 60",2
"1401",4.19135904,1.92560124,0.25,-81.09,"nas","Near Coast of Ecuador","4.0 - 4.9","< 60",2
"1403",3.7177558,8.52616024,-0.46,-80.94,"nas","Manabi","3.0 - 3.9","< 60",2
"1404",3.50526991,10,0.45,-80.44,"nas","Near Coast of Ecuador","3.0 - 3.9","< 60",2
"1406",3.5662415,5,-0.41,-81.11,"nas","Near Coast of Ecuador","3.0 - 3.9","< 60",2
"1410",4.19347504,10,0.27,-80.85,"nas","Near Coast of Ecuador","4.0 - 4.9","< 60",2
"1412",3.66029007,10,-0.23,-80.88,"nas","Near Coast of Ecuador","3.0 - 3.9","< 60",2
"1415",4.01495126,10,-0.13,-80.98,"nas","Near Coast of Ecuador","4.0 - 4.9","< 60",2
"1416",3.77082281,4.45463753,-0.08,-80.85,"nas","Manabi","3.0 - 3.9","< 60",2
"1418",3.60970733,5,0.24,-80.86,"nas","Near Coast of Ecuador","3.0 - 3.9","< 60",2
"1424",3.8415999,10,0.29,-80.97,"nas","Near Coast of Ecuador","3.0 - 3.9","< 60",2
"1425",3.51643893,8.92176724,0.88,-80.39,"nas","Near Coast of Ecuador","3.0 - 3.9","< 60",2
"1426",4.27955018,2.39675999,0.14,-80.51,"nas","Near Coast of Ecuador","4.0 - 4.9","< 60",2
"1427",4.53223084,10,-0.13,-80.11,"nas","Near Coast of Ecuador","4.0 - 4.9","< 60",2
"54",3.8,2.5,-0.61,-80.69," Bahia de Caraquez,Manabi","Near Coast of Ecuador","3.0 - 3.9","< 60",3
"57",3.6,13.3,-0.82,-80.88," Manta,Manabi","Near Coast of Ecuador","3.0 - 3.9","< 60",3
"60",3.7,6.8,-0.8,-80.84," Manta,Manabi","Near Coast of Ecuador","3.0 - 3.9","< 60",3
"89",3.7,2.3,-0.86,-80.62," Jaramijo,Manabi","Near Coast of Ecuador","3.0 - 3.9","< 60",3
"100",3.5,3.5,-0.92,-80.74," Manta,Manabi","Near Coast of Ecuador","3.0 - 3.9","< 60",3
"119",3.4,3.8,-0.74,-80.33," San Vicente,Manabi","Near Coast of Ecuador","3.0 - 3.9","< 60",3
"120",3.2,7.2,-0.72,-80.33," San Vicente,Manabi","Near Coast of Ecuador","3.0 - 3.9","< 60",3
"121",3.4,5.3,-1.33,-80.89," Puerto Lopez,Manabi","Near Coast of Ecuador","3.0 - 3.9","< 60",3
"131",4.5,4,-0.95,-80.54," Rocafuerte,Manabi","Near Coast of Ecuador","4.0 - 4.9","< 60",3
"132",4.4,4.1,-1,-80.57," Jaramijo,Manabi","Near Coast of Ecuador","4.0 - 4.9","< 60",3
"143",3.7,10.2,-0.5,-80.4," San Vicente,Manabi","Manabi","3.0 - 3.9","< 60",3
"214",4,4.4,-0.97,-80.62," Jaramijo,Manabi","Near Coast of Ecuador","4.0 - 4.9","< 60",3
"240",3.9,10,-0.92,-80.69," Manta,Manabi","Near Coast of Ecuador","3.0 - 3.9","< 60",3
"253",3.3,4.4,-0.53,-80.42," San Vicente,Manabi","Manabi","3.0 - 3.9","< 60",3
"261",3.9,10,-0.81,-80.48," Rocafuerte,Manabi","Near Coast of Ecuador","3.0 - 3.9","< 60",3
"262",4.4,10,-0.87,-80.73," Manta,Manabi","Near Coast of Ecuador","4.0 - 4.9","< 60",3
"267",4.2,10,-0.86,-80.7," Manta,Manabi","Near Coast of Ecuador","4.0 - 4.9","< 60",3
"271",5,10,-0.99,-80.66," Jaramijo,Manabi","Near Coast of Ecuador","5.0 - 5.9","< 60",3
"279",3.6,43.6,-0.91,-79.91," Calceta,Manabi","Manabi","3.0 - 3.9","< 60",3
"284",3,17.8,-0.93,-80.77," Manta,Manabi","Near Coast of Ecuador","1.0 - 3.0","< 60",3
"297",3.8,8.6,-0.92,-80.59," Jaramijo,Manabi","Manabi","3.0 - 3.9","< 60",3
"305",3.6,4.5,-1.2,-80.93," Montecristi,Manabi","Manabi","3.0 - 3.9","< 60",3
"322",3.3,11,-0.47,-80.4," San Vicente,Manabi","Manabi","3.0 - 3.9","< 60",3
"348",3.5,7.6,-0.87,-80.95," Manta,Manabi","Near Coast of Ecuador","3.0 - 3.9","< 60",3
"373",4.5,5.2,-0.99,-80.62," Jaramijo,Manabi","Near Coast of Ecuador","4.0 - 4.9","< 60",3
"374",3.5,2.7,-0.96,-80.66," Jaramijo,Manabi","Near Coast of Ecuador","3.0 - 3.9","< 60",3
"376",3.8,4.7,-0.92,-80.66," Jaramijo,Manabi","Near Coast of Ecuador","3.0 - 3.9","< 60",3
"377",3.5,5,-0.97,-80.65," Jaramijo,Manabi","Near Coast of Ecuador","3.0 - 3.9","< 60",3
"380",3.1,9.6,-0.59,-80.55," Bahia de Caraquez,Manabi","Near Coast of Ecuador","3.0 - 3.9","< 60",3
"385",3.8,0.5,-1.31,-80.89," Puerto Lopez,Manabi","Manabi","3.0 - 3.9","< 60",3
"390",3.9,5,-0.86,-80.6," Jaramijo,Manabi","Near Coast of Ecuador","3.0 - 3.9","< 60",3
"399",4.8,3.3,-1.19,-80.93," Montecristi,Manabi","Manabi","4.0 - 4.9","< 60",3
"400",3.8,8.5,-1.3,-80.98," Puerto Lopez,Manabi","Near Coast of Ecuador","3.0 - 3.9","< 60",3
"401",3.6,5.4,-1.23,-80.92," Montecristi,Manabi","Manabi","3.0 - 3.9","< 60",3
"408",3.8,5,-1.36,-80.9," Puerto Lopez,Manabi","Near Coast of Ecuador","3.0 - 3.9","< 60",3
"466",3.7,11.7,-1.01,-80.12," Calceta,Manabi","Manabi","3.0 - 3.9","< 60",3
"498",4.9,10,-1.4,-80.55," Jipijapa,Manabi","Manabi","4.0 - 4.9","< 60",3
"511",3.5,19.6,-1.19,-80.74," Montecristi,Manabi","Near Coast of Ecuador","3.0 - 3.9","< 60",3
"516",4.4,3.4,-0.92,-80.46," Rocafuerte,Manabi","Near Coast of Ecuador","4.0 - 4.9","< 60",3
"521",3.1,5.1,-0.88,-80.58," Jaramijo,Manabi","Manabi","3.0 - 3.9","< 60",3
"525",5.4,4.5,-0.91,-80.63," Jaramijo,Manabi","Manabi","5.0 - 5.9","< 60",3
"526",5.2,12.2,-0.93,-80.58," Jaramijo,Manabi","Near Coast of Ecuador","5.0 - 5.9","< 60",3
"561",4,48.2,-0.89,-79.87," Velasco Ibarra,Guayas","Manabi","4.0 - 4.9","< 60",3
"563",3.6,4,-1.04,-80.46," Portoviejo,Manabi","Manabi","3.0 - 3.9","< 60",3
"595",3.7,10,-0.8,-79.81," Velasco Ibarra,Guayas","Manabi","3.0 - 3.9","< 60",3
"601",3.7,5.9,-1.75,-80.47," Pajan,Manabi","Manabi","3.0 - 3.9","< 60",3
"622",3.8,3.3,-0.72,-80.8," Manta,Manabi","Near Coast of Ecuador","3.0 - 3.9","< 60",3
"649",3.3,10,-0.96,-80.73," Manta,Manabi","Manabi","3.0 - 3.9","< 60",3
"652",3.6,35.4,-1.02,-79.81," Velasco Ibarra,Guayas","Manabi","3.0 - 3.9","< 60",3
"660",3.6,20.8,-1.41,-80.34," Pajan,Manabi","Manabi","3.0 - 3.9","< 60",3
"691",3.6,4.4,-1.07,-80.63," Montecristi,Manabi","Manabi","3.0 - 3.9","< 60",3
"705",3.9,3.9,-0.92,-80.47," Rocafuerte,Manabi","Manabi","3.0 - 3.9","< 60",3
"711",4.7,5,-0.92,-80.25," Calceta,Manabi","Manabi","4.0 - 4.9","< 60",3
"722",3.7,7.6,-0.99,-80.38," Rocafuerte,Manabi","Manabi","3.0 - 3.9","< 60",3
"748",3.9,16.1,-0.47,-80.44," San Vicente,Manabi","Manabi","3.0 - 3.9","< 60",3
"782",4.3,11.5,-0.68,-80.61," Bahia de Caraquez,Manabi","Near Coast of Ecuador","4.0 - 4.9","< 60",3
"787",3.5,16.7,-1.35,-80.69," Jipijapa,Manabi","Manabi","3.0 - 3.9","< 60",3
"790",3.6,10,-1.49,-80.59," Jipijapa,Manabi","Manabi","3.0 - 3.9","< 60",3
"799",3.5,8.8,-1.14,-80.56," Montecristi,Manabi","Manabi","3.0 - 3.9","< 60",3
"801",3.6,6.1,-1.02,-80.62," Montecristi,Manabi","Manabi","3.0 - 3.9","< 60",3
"816",3.9,10,-0.45,-80.43," San Vicente,Manabi","Manabi","3.0 - 3.9","< 60",3
"817",6.2,20.8,-0.49,-80.39," San Vicente,Manabi","Manabi","6.0 - 6.9","< 60",3
"823",4.7,4.3,-1.22,-80.52," Jipijapa,Manabi","Manabi","4.0 - 4.9","< 60",3
"832",3.2,1.6,-0.57,-80.26," San Vicente,Manabi","Manabi","3.0 - 3.9","< 60",3
"833",4.7,2.1,-1.1,-80.6," Montecristi,Manabi","Manabi","4.0 - 4.9","< 60",3
"861",4.8,20,-0.84,-80.44,"Rocafuerte,Manabi","Manabi","4.0 - 4.9","< 60",3
"884",3.7,5.6,-1.14,-80.37,"Santa Ana,Manabi","Manabi","3.0 - 3.9","< 60",3
"885",3.9,18.9,-0.98,-80.97,"Manta,Manabi","Near Coast of Ecuador","3.0 - 3.9","< 60",3
"957",3.5,7,-1.01,-80.6,"Jaramijo,Manabi","Manabi","3.0 - 3.9","< 60",3
"984",3.6,1.7,-1.26,-80.46,"Santa Ana,Manabi","Manabi","3.0 - 3.9","< 60",3
"1017",3.9,4,-0.77,-80.78,"Manta,Manabi","Near Coast of Ecuador","3.0 - 3.9","< 60",3
"1048",4.07889816,3.84400606,-0.57,-80.46,"nas","Near Coast of Ecuador","4.0 - 4.9","< 60",3
"1078",6.46212182,10,-0.91,-79.59,"nas","Manabi","6.0 - 6.9","< 60",3
"1092",3.69138172,7.73589849,-0.5,-80.44,"nas","Manabi","3.0 - 3.9","< 60",3
"1124",3.69261483,10,-0.68,-80.24,"nas","Near Coast of Ecuador","3.0 - 3.9","< 60",3
"1127",4.17662762,5,-0.85,-80.35,"nas","Manabi","4.0 - 4.9","< 60",3
"1134",3.80988095,5,-0.81,-80.22,"nas","Near Coast of Ecuador","3.0 - 3.9","< 60",3
"1137",5.63957397,0.96055347,-0.93,-80.24,"nas","Near Coast of Ecuador","5.0 - 5.9","< 60",3
"1139",5.01700328,4.44490337,-1.01,-80.29,"nas","Manabi","5.0 - 5.9","< 60",3
"1140",3.66046797,5,-0.87,-80.88,"nas","Manabi","3.0 - 3.9","< 60",3
"1142",4.11858228,5,-0.7,-80.39,"nas","Near Coast of Ecuador","4.0 - 4.9","< 60",3
"1143",3.5258068,24.66736794,-0.9,-81.08,"nas","Manabi","3.0 - 3.9","< 60",3
"1165",3.55717419,164.2754211,-1.81,-80.16,"nas","Near Coast of Ecuador","3.0 - 3.9","60 - 300",3
"1166",3.85832579,10,-0.75,-80.25,"nas","Near Coast of Ecuador","3.0 - 3.9","< 60",3
"1167",4.16985875,10,-1.09,-81.03,"nas","Near Coast of Ecuador","4.0 - 4.9","< 60",3
"1169",3.54730647,17.56494904,-0.82,-79.91,"nas","Near Coast of Ecuador","3.0 - 3.9","< 60",3
"1172",3.68187809,10,-1.21,-80.11,"nas","Near Coast of Ecuador","3.0 - 3.9","< 60",3
"1174",3.56338445,10,-1.24,-80.16,"nas","Manabi","3.0 - 3.9","< 60",3
"1177",4.04178119,13.37305927,-1.03,-80.34,"nas","Near Coast of Ecuador","4.0 - 4.9","< 60",3
"1178",5.13137323,1.93081725,-1.16,-81.04,"nas","Near Coast of Ecuador","5.0 - 5.9","< 60",3
"1179",4.49085724,5.5999999,-1.1,-81.24,"nas","Near Coast of Ecuador","4.0 - 4.9","< 60",3
"1180",3.53164865,5,-1.06,-81.36,"nas","Near Coast of Ecuador","3.0 - 3.9","< 60",3
"1186",4.36931692,2.0278821,-1.08,-80.72,"nas","Near Coast of Ecuador","4.0 - 4.9","< 60",3
"1193",3.77261025,11,-1.1,-80.07,"nas","Near Coast of Ecuador","3.0 - 3.9","< 60",3
"1198",3.58453677,15,-1.14,-80.8,"nas","Near Coast of Ecuador","3.0 - 3.9","< 60",3
"1200",3.6596755,10,-1.1,-80.82,"nas","Manabi","3.0 - 3.9","< 60",3
"1201",3.5205775,10,-1.31,-80.95,"nas","Near Coast of Ecuador","3.0 - 3.9","< 60",3
"1202",3.91106729,18,-1.13,-81.65,"nas","Near Coast of Ecuador","4.0 - 4.9","< 60",3
"1203",3.67737376,10,-1.2,-81.07,"nas","Manabi","3.0 - 3.9","< 60",3
"1214",3.66678736,14.12295628,-0.55,-80.32,"nas","Near Coast of Ecuador","3.0 - 3.9","< 60",3
"1216",3.84463627,15,-0.99,-80.88,"nas","Near Coast of Ecuador","3.0 - 3.9","< 60",3
"1222",3.6579226,10,-0.69,-80.53,"nas","Near Coast of Ecuador","3.0 - 3.9","< 60",3
"1223",3.5288985,10,-1.08,-81.09,"nas","Near Coast of Ecuador","3.0 - 3.9","< 60",3
"1224",3.82581882,10,-1.05,-81.22,"nas","Near Coast of Ecuador","3.0 - 3.9","< 60",3
"1227",3.65794473,10,-1.22,-79.9,"nas","Near Coast of Ecuador","3.0 - 3.9","< 60",3
"1232",3.54802854,10,-1.28,-80.85,"nas","Manabi","3.0 - 3.9","< 60",3
"1235",4.01268005,10,-0.82,-80.89,"nas","Near Coast of Ecuador","4.0 - 4.9","< 60",3
"1236",3.91236636,10,-1.26,-81.15,"nas","Near Coast of Ecuador","4.0 - 4.9","< 60",3
"1270",3.74355447,2.82112718,-1.2,-80.57,"nas","Near Coast of Ecuador","3.0 - 3.9","< 60",3
"1289",3.796149,10,-1.52,-80.61,"nas","Manabi","3.0 - 3.9","< 60",3
"1291",4.52463525,10,-1.42,-80.61,"nas","Near Coast of Ecuador","4.0 - 4.9","< 60",3
"1317",3.56361803,8.50152016,-1.41,-80.32,"nas","Near Coast of Ecuador","3.0 - 3.9","< 60",3
"1350",3.58182491,5,-0.87,-80.34,"nas","Near Coast of Ecuador","3.0 - 3.9","< 60",3
"1351",4.24792,4.5999999,-1.16,-81.01,"nas","Near Coast of Ecuador","4.0 - 4.9","< 60",3
"1355",3.6202888,5,-1.06,-81.35,"nas","Near Coast of Ecuador","3.0 - 3.9","< 60",3
"1356",5.10321384,5.41434097,-0.9,-81.56,"nas","Manabi","5.0 - 5.9","< 60",3
"1357",4.10267055,10,-1.08,-80.89,"nas","Near Coast of Ecuador","4.0 - 4.9","< 60",3
"1358",3.55655485,5,-1.29,-81.44,"nas","Near Coast of Ecuador","3.0 - 3.9","< 60",3
"1363",4.63824597,5,-0.81,-80.54,"nas","Near Coast of Ecuador","4.0 - 4.9","< 60",3
"1371",3.70872399,4.58883285,-0.57,-80.39,"nas","Near Coast of Ecuador","3.0 - 3.9","< 60",3
"1376",3.63988455,19.11281967,-0.61,-80.32,"nas","Near Coast of Ecuador","3.0 - 3.9","< 60",3
"1382",4.19979291,1.02950561,-1.28,-80.6,"nas","Near Coast of Ecuador","4.0 - 4.9","< 60",3
"1389",4.2581872,10,-1.2,-80.47,"nas","Near Coast of Ecuador","4.0 - 4.9","< 60",3
"1391",4.38954226,10,-1.27,-81.04,"nas","Near Coast of Ecuador","4.0 - 4.9","< 60",3
"1393",3.86641143,5,-0.9,-80.32,"nas","Near Coast of Ecuador","3.0 - 3.9","< 60",3
"1394",3.54104925,5,-1.02,-81.29,"nas","Near Coast of Ecuador","3.0 - 3.9","< 60",3
"1395",3.58321766,5,-1.11,-81.65,"nas","Near Coast of Ecuador","3.0 - 3.9","< 60",3
"1396",4.42310048,5,-1.11,-81.51,"nas","Near Coast of Ecuador","4.0 - 4.9","< 60",3
"1399",3.6293124,10,-1.52,-80.4,"nas","Near Coast of Ecuador","3.0 - 3.9","< 60",3
"1400",4.60624899,10,-1.31,-80.94,"nas","Near Coast of Ecuador","4.0 - 4.9","< 60",3
"1402",4.26381869,10,-1.55,-80.44,"nas","Near Coast of Ecuador","4.0 - 4.9","< 60",3
"1405",3.67610612,5,-1.64,-80.62,"nas","Near Coast of Ecuador","3.0 - 3.9","< 60",3
"1411",3.50939452,10,-1.56,-80.51,"nas","Manabi","3.0 - 3.9","< 60",3
"1417",4.07218751,10,-1.54,-80.43,"nas","Manabi","4.0 - 4.9","< 60",3
"1419",3.63594943,10,-1.65,-80.41,"nas","Near Coast of Ecuador","3.0 - 3.9","< 60",3
"1420",3.58565622,10,-1.19,-81.12,"nas","Near Coast of Ecuador","3.0 - 3.9","< 60",3
"1423",3.65873156,5,-1.6,-80.58,"nas","Manabi","3.0 - 3.9","< 60",3
"15",3.6,5,-1.52,-80.91," Puerto Lopez,Manabi","Near Coast of Ecuador","3.0 - 3.9","< 60",4
"35",3.2,5,-1.51,-80.93," Puerto Lopez,Manabi","Near Coast of Ecuador","3.0 - 3.9","< 60",4
"222",3.8,6.2,-1.5,-80.95," Puerto Lopez,Manabi","Near Coast of Ecuador","3.0 - 3.9","< 60",4
"846",3.9,12.2,-1.52,-80.92,"Puerto Lopez,Manabi","Near Coast of Ecuador","3.0 - 3.9","< 60",4
"1366",3.63205061,10,-1.47,-80.96,"nas","Near Coast of Ecuador","3.0 - 3.9","< 60",4
"1414",4.74743955,6,-1.5,-81,"nas","Near Coast of Ecuador","4.0 - 4.9","< 60",4
"17",3.8,5,-1.58,-80.9," Puerto Lopez,Manabi","Near Coast of Ecuador","3.0 - 3.9","< 60",5
"18",3.7,5,-1.57,-80.98," Puerto Lopez,Manabi","Near Coast of Ecuador","3.0 - 3.9","< 60",5
"25",4.7,5,-1.55,-80.96," Puerto Lopez,Manabi","Near Coast of Ecuador","4.0 - 4.9","< 60",5
"41",3.5,1.1,-1.62,-80.98," Puerto Lopez,Manabi","Near Coast of Ecuador","3.0 - 3.9","< 60",5
"47",3.6,5,-1.83,-80.96," Puerto Lopez,Manabi","Near Coast of Ecuador","3.0 - 3.9","< 60",5
"152",3.4,3,-1.6,-80.91," Puerto Lopez,Manabi","Near Coast of Ecuador","3.0 - 3.9","< 60",5
"159",3.6,23,-1.59,-80.9," Puerto Lopez,Manabi","Near Coast of Ecuador","3.0 - 3.9","< 60",5
"208",3.1,2.8,-1.65,-80.94," Puerto Lopez,Manabi","Near Coast of Ecuador","3.0 - 3.9","< 60",5
"487",3.6,10,-1.6,-80.83," Puerto Lopez,Manabi","Near Coast of Ecuador","3.0 - 3.9","< 60",5
"620",4.3,4.8,-1.97,-80.89," La Libertad,Sta Elena","Near Coast of Ecuador","4.0 - 4.9","< 60",5
"923",4.1,1.8,-1.91,-80.95,"Salinas,Sta Elena","Near Coast of Ecuador","4.0 - 4.9","< 60",5
"939",3.9,1.8,-1.59,-80.91,"Puerto Lopez,Manabi","Near Coast of Ecuador","3.0 - 3.9","< 60",5
"1306",3.75931407,10,-1.56,-80.75,"nas","Near Coast of Ecuador","3.0 - 3.9","< 60",5
"1390",3.59613287,2.2696116,-1.49,-81.23,"nas","Near Coast of Ecuador","3.0 - 3.9","< 60",5
"1407",3.68151424,10,-1.76,-81.12,"nas","Near Coast of Ecuador","3.0 - 3.9","< 60",5
"1408",3.65882418,5,-1.59,-81.18,"nas","Near Coast of Ecuador","3.0 - 3.9","< 60",5
"1409",4.22520847,10,-1.55,-80.99,"nas","Manabi","4.0 - 4.9","< 60",5
"1413",3.63301492,1.9520781,-1.54,-80.97,"nas","Near Coast of Ecuador","3.0 - 3.9","< 60",5
"1428",3.6312918,10,-1.7,-81.02,"nas","Near Coast of Ecuador","3.0 - 3.9","< 60",5
